model,threshold,precision,recall,f1,f2,fp,fn,is_selected
logistic_regression,0.01,0.4937154041407994,1.0,0.661056855639498,0.8298123875610383,16555,0,False
logistic_regression,0.02,0.4937154041407994,1.0,0.661056855639498,0.8298123875610383,16555,0,False
logistic_regression,0.03,0.4937154041407994,1.0,0.661056855639498,0.8298123875610383,16555,0,False
logistic_regression,0.04,0.4937154041407994,1.0,0.661056855639498,0.8298123875610383,16555,0,False
logistic_regression,0.05,0.4937154041407994,1.0,0.661056855639498,0.8298123875610383,16555,0,False
logistic_regression,0.06,0.49373050339470304,1.0,0.66107039023791,0.8298209182309764,16554,0,False
logistic_regression,0.07,0.49373050339470304,1.0,0.66107039023791,0.8298209182309764,16554,0,False
logistic_regression,0.08,0.49373050339470304,1.0,0.66107039023791,0.8298209182309764,16554,0,False
logistic_regression,0.09,0.49373050339470304,1.0,0.66107039023791,0.8298209182309764,16554,0,False
logistic_regression,0.1,0.49376070467335453,1.0,0.6610974610974611,0.8298379800970475,16552,0,False
logistic_regression,0.11,0.4938211183164077,1.0,0.6611516094684249,0.8298721059341202,16548,0,False
logistic_regression,0.12,0.4938362240371968,1.0,0.6611651479471691,0.8298806378319471,16547,0,False
logistic_regression,0.13,0.4938362240371968,1.0,0.6611651479471691,0.8298806378319471,16547,0,False
logistic_regression,0.14,0.4938966561630006,1.0,0.6612193074071798,0.8299147671776523,16543,0,True
logistic_regression,0.15,0.4938811723673744,0.9999380574826561,0.6611918902314151,0.8298718924143036,16543,1,False
logistic_regression,0.16,0.4939261344512102,0.9998761149653121,0.6612186379928315,0.8298631460974532,16539,2,False
logistic_regression,0.17,0.49395636341381316,0.9998761149653121,0.6612457243512279,0.8298802118143026,16537,2,False
logistic_regression,0.18,0.4939401358878619,0.9996902874132805,0.6611905444713015,0.8297686375321337,16535,5,False
logistic_regression,0.19,0.4939545134531207,0.9995664023785926,0.6611763259787352,0.8297084683017122,16532,7,False
logistic_regression,0.2,0.49395266235953333,0.9992566897918731,0.6611068991660348,0.8295366894636705,16527,12,False
logistic_regression,0.21,0.4939043068063469,0.9987611496531219,0.6609551137528182,0.8292361811112711,16522,20,False
logistic_regression,0.22,0.49394747326162236,0.9983894945490585,0.660912352639672,0.8290555206929542,16513,26,False
logistic_regression,0.23,0.4939293598233996,0.9978939544103073,0.6607875307629204,0.8287719153839822,16506,34,False
logistic_regression,0.24,0.49401840490797544,0.9975842418235877,0.6607992778598392,0.8286511072692846,16495,39,False
logistic_regression,0.25,0.49406095577176884,0.9970887016848364,0.6607285787583376,0.8284014533178258,16484,47,False
logistic_regression,0.26,0.49410246959085885,0.9964073339940536,0.6606160164271048,0.8280484289420582,16470,58,False
logistic_regression,0.27,0.4940992070809515,0.9958498513379583,0.6604905303808389,0.8277385340939515,16461,67,False
logistic_regression,0.28,0.4942030322600486,0.9954162537165511,0.6604878650253797,0.8275570844448107,16447,74,False
logistic_regression,0.29,0.4942737516162798,0.9944871159563925,0.6603463167852589,0.82708277524779,16427,89,False
logistic_regression,0.3,0.4943574247656635,0.9931243805748265,0.6601202239789197,0.8263751443179944,16399,111,False
logistic_regression,0.31,0.49430080622741174,0.9912041625371655,0.659645072861059,0.8252792705443068,16371,142,False
logistic_regression,0.32,0.4943848033907744,0.9898414271555996,0.6594177481585408,0.8245699130021982,16343,164,False
logistic_regression,0.33,0.49456066945606697,0.9884167492566898,0.6592575760705653,0.8238762507615576,16308,187,False
logistic_regression,0.34,0.49473258957705335,0.9861248761149654,0.6588994888562383,0.822696501472792,16259,224,False
logistic_regression,0.35,0.49468698388956406,0.9833374628344896,0.658235720949518,0.8211178582142821,16216,269,False
logistic_regression,0.36,0.49478157615149054,0.9807978196233895,0.6577493457400407,0.8197519103729628,16168,310,False
logistic_regression,0.37,0.49460713613845864,0.9771432111000992,0.6567717223864441,0.8176116927542241,16119,369,False
logistic_regression,0.38,0.4949631681672228,0.9739222001982161,0.6563556668753914,0.8159992526623903,16043,421,False
logistic_regression,0.39,0.4950570102018256,0.9708870168483648,0.6557473067670746,0.8143437555202261,15987,470,False
logistic_regression,0.4,0.4948247396494793,0.9653741328047571,0.6542821158690176,0.8111104171871096,15911,559,False
logistic_regression,0.41,0.49489502903452237,0.9607903865213082,0.6532872846733774,0.8085552242540504,15831,633,False
logistic_regression,0.42,0.49516900459024815,0.9555252725470763,0.6523035287650379,0.8057119577139634,15727,718,False
logistic_regression,0.43,0.49557064338829615,0.9494549058473737,0.6512299783319879,0.8024626725022511,15602,816,False
logistic_regression,0.44,0.49552161026609776,0.9423934588701685,0.6495186458044272,0.7983920905970886,15489,930,False
logistic_regression,0.45,0.49599132549122693,0.9350222993062438,0.6481600755721585,0.794390064203768,15339,1049,False
logistic_regression,0.46,0.49686348700587474,0.9272794846382557,0.6470295852873166,0.7903489784066311,15159,1174,False
logistic_regression,0.47,0.4970148252498826,0.9178642220019821,0.6448496453283433,0.7849348447928806,14996,1326,False
logistic_regression,0.48,0.4974531377343113,0.9073959365708623,0.6426127390770311,0.779003233217051,14799,1495,False
logistic_regression,0.49,0.4980065988452021,0.8975470763131813,0.6405835543766578,0.7734435049961568,14606,1654,False
logistic_regression,0.5,0.49806438112510026,0.8846010901883052,0.6373028092018653,0.765745477163294,14392,1863,False
logistic_regression,0.51,0.4991137266023823,0.8720887016848364,0.6348755411255411,0.7586976202793585,14129,2065,False
logistic_regression,0.52,0.5001262307498107,0.8589568880079287,0.632171593991475,0.7511673510070095,13860,2277,False
logistic_regression,0.53,0.5011020498126515,0.8449578790882062,0.6291103629571554,0.7429900433560644,13581,2503,False
logistic_regression,0.54,0.5018567838253498,0.8287289395441031,0.6251430974464407,0.7332164191373924,13280,2765,False
logistic_regression,0.55,0.5037478377858927,0.8117566897918731,0.6216940629521573,0.7233058471592101,12910,3039,False
logistic_regression,0.56,0.504845572013867,0.7937933597621407,0.6171739549219804,0.7122610048910627,12569,3329,False
logistic_regression,0.57,0.506535550969204,0.7753344895936571,0.6127524170848121,0.7009419064365473,12194,3627,False
logistic_regression,0.58,0.5080736012016522,0.7542740336967294,0.6071651168008776,0.6876319980122653,11790,3967,False
logistic_regression,0.59,0.5091786606912005,0.7319127849355798,0.600559085133418,0.6730309175001709,11390,4328,False
logistic_regression,0.6,0.5102970739334376,0.7075693756194251,0.5929559552544836,0.6567886753832177,10962,4721,False
logistic_regression,0.61,0.5140588510042037,0.6817393458870169,0.5861426212920062,0.639987905007792,10404,5138,False
logistic_regression,0.62,0.5163742690058479,0.6563429137760158,0.5780056731398647,0.6225909560966438,9924,5548,False
logistic_regression,0.63,0.518452441635233,0.6300173439048563,0.5688160617415133,0.6040216642516094,9447,5973,False
logistic_regression,0.64,0.5204606320299946,0.6018954410307235,0.5582237031079451,0.5836316459649713,8953,6427,False
logistic_regression,0.65,0.5218959589697345,0.5735877106045589,0.546522265175436,0.5624460938543957,8483,6884,False
logistic_regression,0.66,0.5251220383378974,0.5463949454905848,0.5355473256025742,0.5420035883697496,7977,7323,False
logistic_regression,0.67,0.5289099526066351,0.5184588701684837,0.5236322687603616,0.5205159139811694,7455,7774,False
logistic_regression,0.68,0.5323493732308936,0.48928394449950446,0.5099089794073979,0.49733044551338557,6939,8245,False
logistic_regression,0.69,0.5345758077282867,0.46017096134786917,0.49459072600778936,0.47334752080333364,6468,8715,False
logistic_regression,0.7,0.5376677787260454,0.42926164519326065,0.4773878000895533,0.4472987800942361,5959,9214,False
logistic_regression,0.71,0.543119420582786,0.39946729435084244,0.46034691983724746,0.42177894048397646,5425,9695,False
logistic_regression,0.72,0.5459419486041782,0.3658325074331021,0.4380980639418441,0.39167573016420404,4912,10238,False
logistic_regression,0.73,0.5472540858796061,0.33393211100099107,0.41477207155222157,0.36216695554032813,4460,10753,False
logistic_regression,0.74,0.5519254518917706,0.30450941526263625,0.3924793421420303,0.3344991358545514,3991,11228,False
logistic_regression,0.75,0.558104360978069,0.2742814667988107,0.36780463493645654,0.30533719486967315,3506,11716,False
logistic_regression,0.76,0.5626236923946848,0.24653121902874134,0.34283745369971574,0.2777390090718772,3094,12164,False
logistic_regression,0.77,0.5662631154156578,0.21729435084241824,0.31406956443887374,0.24784163004620538,2687,12636,False
logistic_regression,0.78,0.5676377806643162,0.18948216055500497,0.28412204523289836,0.21860930465232617,2330,13085,False
logistic_regression,0.79,0.5754070265638389,0.16637760158572845,0.2581203152027676,0.19395182254058113,1982,13458,False
logistic_regression,0.8,0.5755538959422455,0.14321110009910804,0.22935370269331878,0.1685303165045996,1705,13832,False
logistic_regression,0.81,0.5820011841326228,0.12177898909811695,0.20141378957074071,0.1446566795184978,1412,14178,False
logistic_regression,0.82,0.5856236786469344,0.10294846382556987,0.1751132651986092,0.123268163882873,1176,14482,False
logistic_regression,0.83,0.5885086607520068,0.08628592666005946,0.1505051050726595,0.10404373870307575,974,14751,False
logistic_regression,0.84,0.5921985815602837,0.07241080277502478,0.12904294072193398,0.08782870022539443,805,14975,False
logistic_regression,0.85,0.5948653725735754,0.05884539147670961,0.10709655600022547,0.07178154232088617,647,15194,False
logistic_regression,0.86,0.6,0.04757185332011893,0.0881542699724518,0.05830903790087463,512,15376,False
logistic_regression,0.87,0.6093264248704663,0.036422200198216056,0.06873575311239698,0.04485741749439282,377,15556,False
logistic_regression,0.88,0.6134800550206327,0.027626362735381566,0.052871791832137985,0.03414850772552563,281,15698,False
logistic_regression,0.89,0.6189591078066915,0.020626858275520316,0.03992327059105623,0.025570537825966765,205,15811,False
logistic_regression,0.9,0.6295336787564767,0.01505203171456888,0.0294010889292196,0.018703241895261846,143,15901,False
logistic_regression,0.91,0.6509090909090909,0.01108771060455897,0.02180400755222608,0.013800866601902823,96,15965,False
logistic_regression,0.92,0.6571428571428571,0.007123389494549059,0.014094000857895705,0.008880171734799462,60,16029,False
logistic_regression,0.93,0.7009345794392523,0.0046456888007928646,0.009230201218386561,0.005797504753953899,32,16069,False
logistic_regression,0.94,0.6756756756756757,0.0030971258671952428,0.006165988407941793,0.0038669760247486465,24,16094,False
logistic_regression,0.95,0.6571428571428571,0.0014246778989098117,0.002843191791828914,0.001779882682515361,12,16121,False
logistic_regression,0.96,0.6666666666666666,0.0006194251734390486,0.0012377003527446005,0.0007741016550293384,5,16134,False
logistic_regression,0.97,0.6666666666666666,0.0002477700693756194,0.0004953560371517028,0.0003096838128271035,2,16140,False
logistic_regression,0.98,0.5,6.194251734390486e-05,0.0001238696890870804,7.742574870699e-05,1,16143,False
logistic_regression,0.99,0.0,0.0,0.0,0.0,0,16144,False
linear_svm,0.01,0.49389628269848557,0.9999380574826561,0.6612054311986729,0.8298804248362653,16542,1,True
linear_svm,0.02,0.49399951016409505,0.9995044598612488,0.6612030814620554,0.8296997120526532,16528,8,False
linear_svm,0.03,0.4940704195139889,0.998699207135778,0.6610902679541587,0.8292956413500807,16510,21,False
linear_svm,0.04,0.4942468779724464,0.9977700693756194,0.6610444239253104,0.8288822336801589,16483,36,False
linear_svm,0.05,0.4943930689114873,0.9967789890981169,0.6609574271455856,0.8284169884169884,16457,52,False
linear_svm,0.06,0.4948745574880714,0.9957879088206145,0.6611692611404717,0.8281390053677584,16409,68,False
linear_svm,0.07,0.4949865794588591,0.9938057482656095,0.6608315999752867,0.8271041045891803,16369,100,False
linear_svm,0.08,0.4951300207167373,0.9918855302279485,0.6605341858306693,0.826119256683554,16328,131,False
linear_svm,0.09,0.49522983521248914,0.9903369672943508,0.6602791773354257,0.8253148874664464,16296,156,False
linear_svm,0.1,0.4953897736797988,0.9884167492566898,0.6599937958846035,0.824335912880862,16254,187,False
linear_svm,0.11,0.4959063599290228,0.9867443012884044,0.660078314376282,0.8236900071355443,16193,214,False
linear_svm,0.12,0.4958814352574103,0.9844524281466799,0.6595426816616177,0.8223976983420611,16157,251,False
linear_svm,0.13,0.49615168012014266,0.9822844400396432,0.6592940589531452,0.8213346039901386,16104,286,False
linear_svm,0.14,0.4966255454060332,0.9799925668979187,0.6591946001124976,0.820310474630054,16036,323,False
linear_svm,0.15,0.49672708962739176,0.9777006937561943,0.6587646076794658,0.8190800398538691,15992,360,False
linear_svm,0.16,0.49701770442137155,0.9755327056491576,0.6585268967824215,0.818019384394835,15938,395,False
linear_svm,0.17,0.4972452662909252,0.9727452923686819,0.6580899300171814,0.8165727240583207,15878,440,False
linear_svm,0.18,0.49764930114358324,0.9703914767096135,0.6579035780278851,0.8154618139418672,15814,478,False
linear_svm,0.19,0.49794409205367673,0.9676660059464817,0.6575330934191973,0.8140783124368154,15751,522,False
linear_svm,0.2,0.49825527419406473,0.9640733399405352,0.6569722040480361,0.8122071117698015,15673,580,False
linear_svm,0.21,0.49861807430260957,0.9610381565906838,0.6565806178586543,0.8106738285332107,15601,629,False
linear_svm,0.22,0.4987737979993546,0.9574454905847374,0.655874740102686,0.8087081179498985,15533,687,False
linear_svm,0.23,0.4991896272285251,0.9539147670961348,0.6554028173809422,0.8069079705740574,15450,744,False
linear_svm,0.24,0.49942998599394156,0.9497646184340932,0.6546269612552034,0.8046537989231399,15368,811,False
linear_svm,0.25,0.4999508438472882,0.9449950445986125,0.6539360037720483,0.802178965412079,15259,888,False
linear_svm,0.26,0.5006917907497694,0.9414643211100099,0.6537204301075269,0.8005203724771416,15157,945,False
linear_svm,0.27,0.5009104452905148,0.9371902874132805,0.652872769639043,0.7981557485149977,15075,1014,False
linear_svm,0.28,0.5011475900608722,0.9332259663032706,0.6521089878156989,0.7959720622576316,14997,1078,False
linear_svm,0.29,0.5013547415955846,0.928394449950446,0.6511001542170768,0.793259307088948,14907,1156,False
linear_svm,0.3,0.5016649288621304,0.923872646184341,0.6502452316076295,0.7907684477292247,14816,1229,False
linear_svm,0.31,0.5020288090890647,0.9196605550049554,0.6495034778424253,0.7884758364312268,14727,1297,False
linear_svm,0.32,0.5024503130955622,0.9145193260654113,0.648567914250571,0.7856534695615155,14620,1380,False
linear_svm,0.33,0.5030819806862543,0.9099975222993062,0.6479513077228422,0.7832860585638423,14511,1453,False
linear_svm,0.34,0.5033265538281223,0.9044226957383548,0.6467344362500831,0.7800929636159641,14408,1543,False
linear_svm,0.35,0.5038345421105598,0.8993434093161546,0.6458486243633371,0.7773066503913569,14298,1625,False
linear_svm,0.36,0.5043323317727623,0.8941402378592666,0.644909082786043,0.7744264898388378,14187,1709,False
linear_svm,0.37,0.5044194809310842,0.8872646184340932,0.6431826856155003,0.7703311714153571,14073,1820,False
linear_svm,0.38,0.5046122188320443,0.8810084241823588,0.6416873449131514,0.7666393566331041,13963,1921,False
linear_svm,0.39,0.5049681892915863,0.8751238850346879,0.6404061465935361,0.7632301143116451,13850,2016,False
linear_svm,0.4,0.5050221406199373,0.8689296333002974,0.6387832699619772,0.7594772232629151,13749,2116,False
linear_svm,0.41,0.5051201975452102,0.8616204162537165,0.6368756009340232,0.7550426645243937,13628,2234,False
linear_svm,0.42,0.5052539083952696,0.854806739345887,0.6351105690682743,0.7509059843942147,13513,2344,False
linear_svm,0.43,0.505914097730465,0.8478072348860257,0.6336867447567017,0.7468623813161628,13367,2457,False
linear_svm,0.44,0.5061139278258276,0.8409316154608524,0.631912120647924,0.7426695842450766,13248,2568,False
linear_svm,0.45,0.5062638726910199,0.8335604558969276,0.6299356348741955,0.7381221409217065,13124,2687,False
linear_svm,0.46,0.5065659632609686,0.8267467789890981,0.6282123693871787,0.7339646298007126,13001,2797,False
linear_svm,0.47,0.5070114942528736,0.819685332011893,0.6265031720481015,0.729685914685253,12867,2911,False
linear_svm,0.48,0.5078309292702734,0.8134291377601586,0.625288669856915,0.7260463316193951,12727,3012,False
linear_svm,0.49,0.5081391263614007,0.8063057482656095,0.6234046119585259,0.7216191943942435,12600,3127,False
linear_svm,0.5,0.5084993098008282,0.7986248761149654,0.6213643702257886,0.7168273454092582,12462,3251,False
linear_svm,0.51,0.5087607518317936,0.7913776015857285,0.6193523366298236,0.7122469003657123,12336,3368,False
linear_svm,0.52,0.5091502741051274,0.7823959365708623,0.6168685290095722,0.7065582207106417,12177,3513,False
linear_svm,0.53,0.5097903238965489,0.774095639246779,0.6147375670224802,0.7013694017285891,12017,3647,False
linear_svm,0.54,0.510079312623926,0.7648662041625371,0.6120142743854085,0.6953955667687872,11860,3796,False
linear_svm,0.55,0.5101145197692887,0.7560084241823588,0.6091839281257799,0.68953243994486,11721,3939,False
linear_svm,0.56,0.5101012240057601,0.7460356788899901,0.6059112061375928,0.6828670892535181,11567,4100,False
linear_svm,0.57,0.5102986611740473,0.7366204162537165,0.6029203001419591,0.6766044606281293,11412,4252,False
linear_svm,0.58,0.5115996176905031,0.7294350842418236,0.6013993156631429,0.672192159280316,11242,4368,False
linear_svm,0.59,0.512897394064994,0.7205153617443013,0.5992324137753393,0.6665520600538651,11047,4512,False
linear_svm,0.6,0.5133685057676831,0.7112239841427156,0.5963126460659569,0.6603252743208116,10884,4662,False
linear_svm,0.61,0.5140912185159973,0.7016848364717542,0.5934152282668482,0.6539585041161053,10707,4816,False
linear_svm,0.62,0.5142909828508205,0.6910307234886026,0.5897029284279522,0.6465896972226086,10536,4988,False
linear_svm,0.63,0.514109223641724,0.6805004955401388,0.5857169514568283,0.6391296759555529,10383,5158,False
linear_svm,0.64,0.5138518659558263,0.668669474727453,0.5811261843238588,0.6306669470929146,10213,5349,False
linear_svm,0.65,0.5149416380103647,0.6585728444003964,0.5779674376885652,0.6237752719336329,10015,5512,False
linear_svm,0.66,0.5160812943962115,0.6480426164519326,0.5745826010544816,0.6165142372242127,9810,5682,False
linear_svm,0.67,0.5155360829934028,0.634105550049554,0.5687064248215328,0.606220316700816,9620,5907,False
linear_svm,0.68,0.5170162451161834,0.6229558969276512,0.5650634902798067,0.5984314752225449,9395,6087,False
linear_svm,0.69,0.5172088142707241,0.610629335976214,0.5600499943188274,0.5893395188674734,9202,6286,False
linear_svm,0.7,0.5169291760420015,0.597683349851338,0.5543809250215456,0.5795752144350208,9017,6495,False
linear_svm,0.71,0.517432603085708,0.5837462834489594,0.5485927176412376,0.5691577383468819,8789,6720,False
linear_svm,0.72,0.5188668619058346,0.5706764122893955,0.5435398230088495,0.5595029879026381,8543,6931,False
linear_svm,0.73,0.5217921896792189,0.5561818632309217,0.5384384744543056,0.548946004108383,8229,7165,False
linear_svm,0.74,0.5232447252354273,0.5437933597621407,0.5333211834031955,0.5395555227769993,7999,7365,False
linear_svm,0.75,0.5238765764662667,0.5300421209117938,0.5269413141203276,0.5287974292423681,7777,7587,False
linear_svm,0.76,0.5247237132933376,0.5146803766105055,0.5196535226242222,0.5166581686585169,7526,7835,False
linear_svm,0.77,0.5260314981127164,0.500681367690783,0.5130434782608696,0.5055540266693352,7283,8061,False
linear_svm,0.78,0.5275331136959591,0.4860009910802775,0.5059161105200374,0.4937758813830256,7027,8298,False
linear_svm,0.79,0.5287044759521824,0.4711967294350842,0.4982968688589021,0.4816751937591814,6781,8537,False
linear_svm,0.8,0.5301534692701203,0.4557730426164519,0.49015754588149085,0.46893123446561724,6521,8786,False
linear_svm,0.81,0.5317728261685047,0.4390485629335976,0.4809825942387948,0.45491303510686093,6241,9056,False
linear_svm,0.82,0.5321784118523164,0.42052775024777006,0.4698107331926231,0.43894585752524795,5968,9355,False
linear_svm,0.83,0.5338345864661654,0.40460852329038655,0.4603241719520789,0.4251939801072749,5704,9612,False
linear_svm,0.84,0.5352173166122659,0.38596382556987113,0.4484992442237098,0.4087617098323231,5411,9913,False
linear_svm,0.85,0.5370068765834238,0.3676288404360753,0.43646124430063243,0.3923811286824985,5117,10209,False
linear_svm,0.86,0.5385205059409736,0.3481169474727453,0.42287434161023324,0.3746067295899323,4816,10524,False
linear_svm,0.87,0.541739577972208,0.32600346878097125,0.4070536370315944,0.35421518084290154,4452,10881,False
linear_svm,0.88,0.5436226749335695,0.30413776015857286,0.3900540197013028,0.33352353005108143,4122,11234,False
linear_svm,0.89,0.5455202312138728,0.280599603567889,0.3705824607329843,0.31078485181119647,3774,11614,False
linear_svm,0.9,0.5483785572468564,0.2566278493557978,0.3496350056964429,0.2871858146982573,3412,12001,False
linear_svm,0.91,0.5524992605737947,0.23141724479682854,0.32620274163974505,0.2618520283719757,3026,12408,False
linear_svm,0.92,0.5521441681962289,0.20496778989098116,0.2989564981704838,0.23445138800323087,2684,12835,False
linear_svm,0.93,0.5565200617283951,0.1787041625371655,0.270536384096024,0.20678038990825687,2299,13259,False
linear_svm,0.94,0.5630039161483529,0.15138751238850348,0.23861361972174763,0.17731474092023738,1897,13700,False
linear_svm,0.95,0.5738984941438929,0.1274777006937562,0.20861632032437913,0.15096388016783546,1528,14086,False
linear_svm,0.96,0.5752825373678454,0.09774529236868186,0.1670990628474612,0.11720316701079933,1165,14566,False
linear_svm,0.97,0.5869226777374157,0.0700569871159564,0.12517292900226884,0.08503375787558456,796,15013,False
linear_svm,0.98,0.6026200873362445,0.04274033696729435,0.07981953843484296,0.052494636417583423,455,15454,False
linear_svm,0.99,0.6432160804020101,0.015857284440039643,0.030951517349776327,0.019700187767414657,142,15888,False
random_forest,0.01,0.4938060135197137,1.0,0.6611380715441162,0.8298635742117221,16549,0,False
random_forest,0.02,0.49388154674498286,1.0,0.6612057667103539,0.8299062345780556,16544,0,False
random_forest,0.03,0.4939419899645086,1.0,0.661259932825428,0.8299403660292001,16540,0,False
random_forest,0.04,0.49397184822521417,0.9999380574826561,0.6612731443552351,0.8299230895780209,16537,1,False
random_forest,0.05,0.49401719864124616,0.9999380574826561,0.661313778906618,0.8299486905288269,16534,1,False
random_forest,0.06,0.4940773162743718,0.9998761149653121,0.6613540919799242,0.829948481701235,16529,2,False
random_forest,0.07,0.49412268886984206,0.9998761149653121,0.6613947389986069,0.8299740858047797,16526,2,False
random_forest,0.08,0.4942285906738924,0.9998761149653121,0.6614896014752587,0.8300338348571017,16519,2,False
random_forest,0.09,0.49437961346442466,0.9998141724479683,0.6616112967023958,0.8300848547184366,16508,3,True
random_forest,0.1,0.49437858040008575,0.9996283448959365,0.6615696804476603,0.8299817936823048,16505,6,False
random_forest,0.11,0.49457521147480693,0.9995664023785926,0.6617321413926023,0.8300584338093082,16491,7,False
random_forest,0.12,0.49465002912591594,0.999380574826561,0.6617583724698017,0.8299980451267066,16483,10,False
random_forest,0.13,0.494586387755728,0.9988230921704658,0.6615791741030217,0.8296545549964498,16478,19,False
random_forest,0.14,0.494676771085816,0.998699207135778,0.6616328456819255,0.8296370241537939,16470,21,False
random_forest,0.15,0.49482795665919765,0.9985753221010902,0.661740861605402,0.8296536462353971,16458,23,False
random_forest,0.16,0.4948554931048251,0.998017839444995,0.6616430199371702,0.829361198332218,16447,32,False
random_forest,0.17,0.4950978885576421,0.9978320118929633,0.6618187794005875,0.8293946227590538,16428,35,False
random_forest,0.18,0.4952489313939543,0.9975842418235877,0.6618991841851098,0.8293423966218652,16414,39,False
random_forest,0.19,0.49542809642560265,0.9967789890981169,0.6618817480719794,0.8289973932843587,16389,52,False
random_forest,0.2,0.49570121105667003,0.9964073339940536,0.6620434201049491,0.8289445205973595,16365,58,False
random_forest,0.21,0.4958815363257751,0.9956640237859267,0.6620399925863383,0.8286335845593921,16341,70,False
random_forest,0.22,0.4962008895478132,0.9951065411298315,0.6622011541632317,0.8285027642544764,16311,79,False
random_forest,0.23,0.4964585073149609,0.9942393458870169,0.6622382671480145,0.8281651480285221,16280,93,False
random_forest,0.24,0.4966247600173407,0.9934340931615461,0.6622073578595318,0.8278104676370394,16256,106,False
random_forest,0.25,0.49699094180419406,0.9923810703666998,0.6622984704423316,0.8274284179647151,16215,123,False
random_forest,0.26,0.4974824392366507,0.9914519326065411,0.6625274224926528,0.8271834625322998,16168,138,False
random_forest,0.27,0.4977585455451093,0.9903989098116948,0.6625367753698256,0.8267492605845002,16133,155,False
random_forest,0.28,0.4979729308301628,0.9890981169474727,0.6624351794233562,0.8261418430909956,16098,176,False
random_forest,0.29,0.4984984045548395,0.9870540138751239,0.6624402411141135,0.8252884754821735,16031,209,False
random_forest,0.3,0.4988396889111892,0.9853196233894945,0.6623500999333778,0.8245044783546194,15981,237,False
random_forest,0.31,0.4994181475074697,0.9835852329038652,0.6624668849996871,0.8238474229799421,15916,265,False
random_forest,0.32,0.4998895933882212,0.9816030723488602,0.6624307660152576,0.822989914517486,15854,297,False
random_forest,0.33,0.5004750142504275,0.9789395441030724,0.6623360295042119,0.8218066851093039,15774,340,False
random_forest,0.34,0.5008892276422764,0.9769573835480674,0.6622438696674504,0.8209110592938041,15716,372,False
random_forest,0.35,0.5014982467325471,0.9744796828543112,0.6622048238413941,0.8198361578387843,15638,412,False
random_forest,0.36,0.5017588743204349,0.9718780971258671,0.661829839287974,0.8185005112367757,15580,454,False
random_forest,0.37,0.5027954501638712,0.9692765113974232,0.6621249947107858,0.8175719450772221,15474,496,False
random_forest,0.38,0.5036314923012363,0.9664271555996036,0.6621819493665514,0.8163884673748103,15377,542,False
random_forest,0.39,0.5041820657459638,0.9633300297324083,0.6619280698020855,0.8149064157112615,15294,592,False
random_forest,0.4,0.5045772927186838,0.9593657086223984,0.6613292341851875,0.8128391640688142,15207,656,False
random_forest,0.41,0.5052728106373223,0.9556491575817642,0.6610394618449805,0.8110608768794028,15106,716,False
random_forest,0.42,0.5058955273038667,0.9514370664023786,0.6605599277512579,0.8089489982936232,15002,784,False
random_forest,0.43,0.5068270696626235,0.947286917740337,0.660348028844078,0.8070184696569921,14881,851,False
random_forest,0.44,0.507475138490289,0.9419598612487612,0.6595966167859466,0.8042457320555944,14759,937,False
random_forest,0.45,0.5079914042038816,0.9371283448959365,0.6588424857379263,0.8016808325738146,14653,1015,False
random_forest,0.46,0.5089802130898021,0.9321110009910802,0.6584261305213416,0.799226691877078,14517,1096,False
random_forest,0.47,0.5094822293471587,0.9252353815659068,0.6571202322819057,0.7954182375870663,14381,1207,False
random_forest,0.48,0.5099205666930298,0.9185455896927651,0.655787728026534,0.7916653320093533,14252,1315,False
random_forest,0.49,0.5105118671160996,0.9099975222993062,0.6540816099374457,0.7868520561738777,14086,1453,False
random_forest,0.5,0.5110737314269694,0.9033696729435085,0.6528200537153088,0.7831428816908669,13952,1560,False
random_forest,0.51,0.5120880676790203,0.8961223984142715,0.6517400608176597,0.7792452626929665,13784,1677,False
random_forest,0.52,0.5126792803748346,0.8878840436075323,0.6500238079042242,0.7745177500405253,13625,1810,False
random_forest,0.53,0.5129661108900865,0.8785307234886026,0.6477290891238325,0.7689346706424506,13466,1961,False
random_forest,0.54,0.5136550007321716,0.869115460852329,0.6456971928209848,0.7634505724110913,13285,2113,False
random_forest,0.55,0.5153237490248523,0.8592666005946482,0.6442653786313076,0.7580742117055577,13047,2272,False
random_forest,0.56,0.5169593728800784,0.8496655104063429,0.6428136276301607,0.752771375260674,12817,2427,False
random_forest,0.57,0.5173336391086649,0.8383919722497523,0.6398468338572812,0.745820430024576,12628,2609,False
random_forest,0.58,0.5180568499534017,0.8263751238850346,0.6368627076570555,0.7384753343370827,12411,2803,False
random_forest,0.59,0.5185316475639056,0.8154732408325074,0.6339537235451328,0.7316734285555494,12224,2979,False
random_forest,0.6,0.5194316589953972,0.8038899900891973,0.6310875537941598,0.7245341164122777,12007,3166,False
random_forest,0.61,0.5203208991692458,0.7914395441030724,0.6278624078624079,0.7167459498272225,11779,3367,False
random_forest,0.62,0.5205820171620446,0.7778741328047571,0.6237365584721981,0.7078997508427378,11565,3586,False
random_forest,0.63,0.5207585420450226,0.7637512388503469,0.6192712387936014,0.698559822328986,11347,3814,False
random_forest,0.64,0.521291711517761,0.7499380574826561,0.6150524524371968,0.6894568398993178,11118,4037,False
random_forest,0.65,0.5219361936193619,0.7347001982160555,0.6103064138516555,0.6793163881284292,10864,4283,False
random_forest,0.66,0.5226320767463857,0.7187809712586719,0.605210316322007,0.6685949365629934,10599,4540,False
random_forest,0.67,0.5244284660766961,0.7047819623389494,0.6013742071881607,0.6594260014836796,10318,4766,False
random_forest,0.68,0.5254974242639067,0.6887388503468781,0.5961450821649733,0.6484516241908206,10040,5025,False
random_forest,0.69,0.5262544889837911,0.6717046580773043,0.5901496598639456,0.6365194524664836,9762,5300,False
random_forest,0.7,0.5274560702875399,0.6544846382556987,0.5841441839893853,0.6244090393343419,9466,5578,False
random_forest,0.71,0.5275097515910491,0.6366451932606542,0.576961940047154,0.6113490364025695,9206,5866,False
random_forest,0.72,0.529464663563267,0.6199826560951437,0.5711595526135586,0.5994849065644465,8895,6135,False
random_forest,0.73,0.5299945265462507,0.5997893954410307,0.5627360957749753,0.5843975569128262,8587,6461,False
random_forest,0.74,0.5305438855455887,0.5788528245787908,0.5536465430416494,0.5684998174960457,8269,6799,False
random_forest,0.75,0.5318130796951616,0.5576065411298315,0.5444044631247921,0.5522496104437874,7925,7142,False
random_forest,0.76,0.5327848722986247,0.5375371655104063,0.5351504686729156,0.5365799366838148,7610,7466,False
random_forest,0.77,0.5339216062408082,0.5172200198216056,0.5254381273007582,0.5204762201583245,7289,7794,False
random_forest,0.78,0.5342,0.49634539147670964,0.5145774466992037,0.5034809490298583,6987,8131,False
random_forest,0.79,0.5346687211093991,0.4728691774033697,0.501873644073368,0.48405914728485555,6644,8510,False
random_forest,0.8,0.5346775980500775,0.44840188305252726,0.4877539332277735,0.4633553094796134,6300,8905,False
random_forest,0.81,0.5373787926180794,0.42566897918731417,0.47504493294621875,0.4441342226358513,5916,9272,False
random_forest,0.82,0.5360653006829919,0.39866204162537167,0.45726465364120783,0.4202031809041289,5570,9708,False
random_forest,0.83,0.5372695698637456,0.373699207135778,0.4407993278047711,0.3979288965107842,5196,10111,False
random_forest,0.84,0.5400613379336784,0.34904608523290387,0.4240349160960193,0.37561658445540597,4799,10509,False
random_forest,0.85,0.542224992209411,0.32333994053518333,0.4051065150750844,0.35173780035847607,4407,10924,False
random_forest,0.86,0.5428766655278442,0.29527998017839446,0.3825075225677031,0.3249178674155159,4014,11377,False
random_forest,0.87,0.5507787360020595,0.26505203171456887,0.3578806506920922,0.29573571083005046,3490,11865,False
random_forest,0.88,0.5573889130120133,0.2385406342913776,0.3340996833383941,0.2693572078058334,3058,12293,False
random_forest,0.89,0.5602469959946595,0.2079410307234886,0.30330683050234913,0.23785568529645165,2635,12787,False
random_forest,0.9,0.5606589147286821,0.17919970267591676,0.2715921892602328,0.20742514626591718,2267,13251,False
random_forest,0.91,0.5607734806629834,0.15089197224975223,0.2377977352596642,0.1767266395821242,1908,13708,False
random_forest,0.92,0.5596638655462185,0.1237611496531219,0.2026985898346353,0.14659701229712677,1572,14146,False
random_forest,0.93,0.5579278963948198,0.09873637264618434,0.1677806431240461,0.11819138997226877,1263,14550,False
random_forest,0.94,0.5591647331786543,0.07464073339940536,0.13170118585715065,0.0902878722033238,950,14939,False
random_forest,0.95,0.5675324675324676,0.05413776015857284,0.09884641483827189,0.06609595256821345,666,15270,False
random_forest,0.96,0.5686695278969958,0.032829534192269576,0.06207542750058562,0.040453074433656956,402,15614,False
random_forest,0.97,0.5819672131147541,0.01759167492566898,0.034151034151034154,0.021824664945284643,204,15860,False
random_forest,0.98,0.634703196347032,0.008610009910802775,0.016989549593595308,0.010726136275947219,80,16005,False
random_forest,0.99,0.6338028169014085,0.0027874132804757185,0.005550416281221091,0.0034804399276068495,26,16099,False
distilbert_v4,0.01,0.9633592349073521,0.9983275520317145,0.9805317272008274,0.9911322657614444,613,27,False
distilbert_v4,0.02,0.97259281617869,0.9979558969276512,0.9851111314928613,0.9927780037219162,454,33,False
distilbert_v4,0.03,0.9758904773443179,0.9978939544103073,0.9867695700110254,0.9934142370874649,398,34,False
distilbert_v4,0.04,0.978259549401834,0.9978320118929633,0.9879488516144859,0.9938551139518528,358,35,False
distilbert_v4,0.05,0.9793300504589945,0.9978320118929633,0.9884944620010432,0.9940759024992286,340,35,False
distilbert_v4,0.06,0.9801034377852145,0.9977700693756194,0.9888578532183309,0.9941859747441706,327,36,False
distilbert_v4,0.07,0.9808758146050307,0.9975842418235877,0.9891594754783036,0.9941971726649793,314,39,False
distilbert_v4,0.08,0.9815322728103858,0.9975222993062438,0.9894626893183005,0.9942827507007643,303,40,False
distilbert_v4,0.09,0.9821286977737115,0.997398414271556,0.9897046620977903,0.9943066035988193,293,42,False
distilbert_v4,0.1,0.9826670735428745,0.9973364717542121,0.9899474315226413,0.9943676585022418,284,43,False
distilbert_v4,0.11,0.9829670329670329,0.9973364717542121,0.990099618743082,0.9944290725826375,279,43,False
distilbert_v4,0.12,0.9831460674157303,0.9972745292368682,0.990159901599016,0.9944164443126792,276,44,False
distilbert_v4,0.13,0.9833852544132918,0.9972125867195243,0.9902506535445179,0.9944160994230793,272,45,False
distilbert_v4,0.14,0.9838059154241017,0.9972125867195243,0.990463885812723,0.9945021003212255,265,45,False
distilbert_v4,0.15,0.9838049257471124,0.9971506442021804,0.9904328298520318,0.9944526124612363,265,46,False
distilbert_v4,0.16,0.9842259721203228,0.9971506442021804,0.9906461538461538,0.9945386250185341,258,46,False
distilbert_v4,0.17,0.9843453800525898,0.9970887016848364,0.9906760624057606,0.9945137095478753,256,47,False
distilbert_v4,0.18,0.9847057384069497,0.9970267591674926,0.990827947060634,0.9945379501248115,250,48,False
distilbert_v4,0.19,0.9850070375130041,0.9970267591674926,0.9909804525165461,0.9945994043278915,245,48,False
distilbert_v4,0.2,0.9851266984943078,0.9969648166501487,0.9910104057631919,0.9945744864918308,243,49,False
distilbert_v4,0.21,0.9856084267254578,0.9969028741328048,0.9912234779663105,0.9946233236511959,235,50,False
distilbert_v4,0.22,0.9870496532253115,0.9961595639246779,0.991583685297654,0.9943241538784948,211,62,False
distilbert_v4,0.23,0.987110238153695,0.9961595639246779,0.9916142557651991,0.994336449522679,210,62,False
distilbert_v4,0.24,0.9871708305199189,0.9961595639246779,0.991644828117774,0.9943487454709585,209,62,False
distilbert_v4,0.25,0.9871708305199189,0.9961595639246779,0.991644828117774,0.9943487454709585,209,62,False
distilbert_v4,0.26,0.9872306464485235,0.996097621407334,0.991644312891191,0.9943115068323749,208,63,False
distilbert_v4,0.27,0.9872306464485235,0.996097621407334,0.991644312891191,0.9943115068323749,208,63,False
distilbert_v4,0.28,0.9873518757291091,0.996097621407334,0.9917054669914588,0.9943360993284939,206,63,False
distilbert_v4,0.29,0.9875337754851388,0.996097621407334,0.9917972122856791,0.9943729903536977,203,63,False
distilbert_v4,0.3,0.9875944236320089,0.996097621407334,0.991827797822802,0.9943852879704176,202,63,False
distilbert_v4,0.31,0.9877764127764128,0.996097621407334,0.9919195657537626,0.9944221826456912,199,63,False
distilbert_v4,0.32,0.9879577291717867,0.9960356788899901,0.9919802590993214,0.994409538415871,196,64,False
distilbert_v4,0.33,0.9879577291717867,0.9960356788899901,0.9919802590993214,0.994409538415871,196,64,False
distilbert_v4,0.34,0.9881398635777054,0.9960356788899901,0.9920720609556714,0.9944464371853703,193,64,False
distilbert_v4,0.35,0.9881398635777054,0.9960356788899901,0.9920720609556714,0.9944464371853703,193,64,False
distilbert_v4,0.36,0.9882005899705014,0.9960356788899901,0.9921026653504442,0.9944587373837325,192,64,False
distilbert_v4,0.37,0.9882613238276688,0.9960356788899901,0.992133271633503,0.994471037886378,191,64,False
distilbert_v4,0.38,0.988503627197836,0.9959737363726462,0.9922246220302375,0.9944706959253853,187,65,False
distilbert_v4,0.39,0.988503627197836,0.9959737363726462,0.9922246220302375,0.9944706959253853,187,65,False
distilbert_v4,0.4,0.9885636989670438,0.9959117938553023,0.9922241421871143,0.9944334487877289,186,66,False
distilbert_v4,0.41,0.9886237855122371,0.9958498513379583,0.9922236622847621,0.9943961998070214,185,67,False
distilbert_v4,0.42,0.9887440029523926,0.9957259663032706,0.992222702302327,0.9943216963159067,183,69,False
distilbert_v4,0.43,0.9887440029523926,0.9957259663032706,0.992222702302327,0.9943216963159067,183,69,False
distilbert_v4,0.44,0.9889873261966285,0.9957259663032706,0.9923452064942281,0.9943709018928616,179,69,False
distilbert_v4,0.45,0.9891090327344327,0.9957259663032706,0.9924064699345598,0.9943955065076459,177,69,False
distilbert_v4,0.46,0.9891692307692308,0.9956640237859267,0.9924060011113169,0.9943582510578279,176,70,False
distilbert_v4,0.47,0.9892909896602659,0.9956640237859267,0.9924672758705854,0.9943828565772542,174,70,False
distilbert_v4,0.48,0.989351880347141,0.9956640237859267,0.9924979160878021,0.9943951597936231,173,70,False
distilbert_v4,0.49,0.9894127785300997,0.9956640237859267,0.9925285581969744,0.9944074633144441,172,70,False
distilbert_v4,0.5,0.9895345973898054,0.9956640237859267,0.9925898480918859,0.9944320712694877,170,70,False
distilbert_v4,0.51,0.9895955180693222,0.9956640237859267,0.9926204958779757,0.994444375703733,169,70,False
distilbert_v4,0.52,0.9896564462504618,0.9956640237859267,0.9926511455567221,0.9944566804424757,168,70,False
distilbert_v4,0.53,0.9896564462504618,0.9956640237859267,0.9926511455567221,0.9944566804424757,168,70,False
distilbert_v4,0.54,0.9897783251231527,0.9956640237859267,0.9927124505928854,0.9944812908334983,166,70,False
distilbert_v4,0.55,0.989961199729014,0.9956640237859267,0.9928044223464377,0.9945182087040452,163,70,False
distilbert_v4,0.56,0.989961199729014,0.9956640237859267,0.9928044223464377,0.9945182087040452,163,70,False
distilbert_v4,0.57,0.989961199729014,0.9956640237859267,0.9928044223464377,0.9945182087040452,163,70,False
distilbert_v4,0.58,0.9900221729490022,0.9956640237859267,0.9928350833848054,0.9945305152700094,162,70,False
distilbert_v4,0.59,0.9900215583615645,0.9956020812685827,0.992803977886902,0.9944809493757037,162,71,False
distilbert_v4,0.6,0.9900825428113835,0.9956020812685827,0.9928346408054852,0.9944932557851751,161,71,False
distilbert_v4,0.61,0.9902045342533268,0.9956020812685827,0.9928959723251791,0.9945178695178695,159,71,False
distilbert_v4,0.62,0.9902655412482287,0.9956020812685827,0.992926640926641,0.9945301768411152,158,71,False
distilbert_v4,0.63,0.9903259597017684,0.9955401387512388,0.9929262039353782,0.994492915042386,157,72,False
distilbert_v4,0.64,0.9903863930486226,0.995478196233895,0.9929257668901177,0.9944556513990818,156,73,False
distilbert_v4,0.65,0.9904474300505361,0.995478196233895,0.9929564411492122,0.9944679587138933,155,73,False
distilbert_v4,0.66,0.990569526627219,0.995478196233895,0.9930177953534355,0.9944925742574258,153,73,False
distilbert_v4,0.67,0.9907527279452562,0.995478196233895,0.9931098408774911,0.994529499857668,150,73,False
distilbert_v4,0.68,0.9908138101109741,0.995478196233895,0.9931405265109381,0.9945418090004455,149,73,False
distilbert_v4,0.69,0.9910582141095214,0.995478196233895,0.9932632880098887,0.9945910486186751,145,73,False
distilbert_v4,0.7,0.9911193339500463,0.995478196233895,0.9932939831267963,0.9946033592850689,144,73,False
distilbert_v4,0.71,0.9912415962499229,0.995478196233895,0.9933553790524462,0.9946279815321393,142,73,False
distilbert_v4,0.72,0.9913027387120651,0.995478196233895,0.9933860798615404,0.9946402931128385,141,73,False
distilbert_v4,0.73,0.9913638887175374,0.995478196233895,0.9934167825683821,0.994652604998329,140,73,False
distilbert_v4,0.74,0.991425046267736,0.995478196233895,0.993447487173147,0.9946649171886218,139,73,False
distilbert_v4,0.75,0.9915473840078973,0.995478196233895,0.9935089020771514,0.9946895424836601,137,73,False
distilbert_v4,0.76,0.9915473840078973,0.995478196233895,0.9935089020771514,0.9946895424836601,137,73,False
distilbert_v4,0.77,0.9916697519437245,0.995478196233895,0.9935703245749613,0.9947141689980441,135,73,False
distilbert_v4,0.78,0.9916697519437245,0.995478196233895,0.9935703245749613,0.9947141689980441,135,73,False
distilbert_v4,0.79,0.9917921500863984,0.995478196233895,0.9936317546679857,0.9947387967318643,133,73,False
distilbert_v4,0.8,0.9919145784471053,0.995478196233895,0.9936931923576331,0.9947634256852114,131,73,False
distilbert_v4,0.81,0.9922820449493702,0.995478196233895,0.9938775510204082,0.994837319863319,125,73,True
distilbert_v4,0.82,0.9923428430282821,0.9954162537165511,0.9938771723668749,0.9948000495233379,124,74,False
distilbert_v4,0.83,0.9923428430282821,0.9954162537165511,0.9938771723668749,0.9948000495233379,124,74,False
distilbert_v4,0.84,0.9924036561264822,0.9953543111992071,0.9938767936665017,0.9947627773375595,123,75,False
distilbert_v4,0.85,0.9924031869557162,0.9952923686818632,0.9938456780578321,0.9947131873166021,123,76,False
distilbert_v4,0.86,0.9925253274030146,0.9952304261645193,0.993876036125201,0.994688227428062,121,77,False
distilbert_v4,0.87,0.9925861855924873,0.9951684836471755,0.9938756572842561,0.9946509497040688,120,78,False
distilbert_v4,0.88,0.9926470588235294,0.9951065411298315,0.9938752783964365,0.9946136701337296,119,79,False
distilbert_v4,0.89,0.9927083977012915,0.9951065411298315,0.9939060228292139,0.9946259859582214,118,79,False
distilbert_v4,0.9,0.9928915811595994,0.9949826560951437,0.9939360188107171,0.9945637367808405,115,81,False
distilbert_v4,0.91,0.9930757341576507,0.9949826560951437,0.9940282805779882,0.9946006860596154,112,81,False
distilbert_v4,0.92,0.9931968581854166,0.9947348860257681,0.9939652771330424,0.994426899498421,110,85,False
distilbert_v4,0.93,0.9934422172729522,0.9946729435084242,0.9940571994552433,0.9944265543720585,106,86,False
distilbert_v4,0.94,0.9935643564356436,0.9945490584737364,0.9940564635958395,0.9943519619500595,104,88,False
distilbert_v4,0.95,0.9938707280832095,0.9943632309217046,0.9941169185038394,0.9942646913090873,99,91,False
distilbert_v4,0.96,0.9944850663031355,0.994115460852329,0.9943002292299115,0.9941893599623361,89,95,False
distilbert_v4,0.97,0.9947926352984936,0.9939915758176412,0.9943919442292797,0.9941516844883344,84,97,False
distilbert_v4,0.98,0.9955925259171892,0.9934340931615461,0.9945121384057297,0.9938650306748467,71,106,False
distilbert_v4,0.99,0.9967639554421557,0.992133300297324,0.9944432372023717,0.9930559861119722,52,127,False
roberta_v4,0.01,0.9832753463956541,0.9978320118929633,0.9905001998339841,0.9948863004730789,274,35,False
roberta_v4,0.02,0.9865245620482666,0.9976461843409317,0.9920542038805051,0.995401844206571,220,38,False
roberta_v4,0.03,0.9876096423971048,0.9973364717542121,0.9924492248898203,0.9953758083062353,202,43,False
roberta_v4,0.04,0.9882150748833783,0.9972745292368682,0.9927241336786287,0.9954493742889647,192,44,False
roberta_v4,0.05,0.9884563428711777,0.9971506442021804,0.9927844588344126,0.9953995696371596,188,46,False
roberta_v4,0.06,0.988881380920204,0.9971506442021804,0.9929987971501711,0.9954857460886772,181,46,False
roberta_v4,0.07,0.9891230873225588,0.9970267591674926,0.9930591973347318,0.9954359361278433,177,48,False
roberta_v4,0.08,0.9891230873225588,0.9970267591674926,0.9930591973347318,0.9954359361278433,177,48,False
roberta_v4,0.09,0.9893054701905347,0.9970267591674926,0.993151107546122,0.9954728743537096,174,48,False
roberta_v4,0.1,0.9894879203295014,0.9970267591674926,0.9932430347721453,0.9955098153210544,171,48,False
roberta_v4,0.11,0.9895487519980327,0.9970267591674926,0.9932736809626659,0.9955221295861062,170,48,False
roberta_v4,0.12,0.9897921534866561,0.9970267591674926,0.9933962846386472,0.9955713896929662,166,48,False
roberta_v4,0.13,0.9898530225693377,0.9970267591674926,0.9934269402869927,0.9955837054814008,165,48,False
roberta_v4,0.14,0.9899132787994341,0.9969648166501487,0.9934265345801314,0.9955464835776582,164,49,False
roberta_v4,0.15,0.9900350618195239,0.9969648166501487,0.9934878553131076,0.9955711157571784,162,49,False
roberta_v4,0.16,0.9900350618195239,0.9969648166501487,0.9934878553131076,0.9955711157571784,162,49,False
roberta_v4,0.17,0.9900959645669292,0.9969648166501487,0.9935185185185185,0.995583432304038,161,49,False
roberta_v4,0.18,0.9901568748077515,0.9969648166501487,0.9935491836167782,0.9955957491556457,160,49,True
roberta_v4,0.19,0.9901562692260367,0.9969028741328048,0.9935181184023705,0.9955462080910553,160,50,False
roberta_v4,0.2,0.9901562692260367,0.9969028741328048,0.9935181184023705,0.9955462080910553,160,50,False
roberta_v4,0.21,0.9901562692260367,0.9969028741328048,0.9935181184023705,0.9955462080910553,160,50,False
roberta_v4,0.22,0.9901562692260367,0.9969028741328048,0.9935181184023705,0.9955462080910553,160,50,False
roberta_v4,0.23,0.9902171906724913,0.9969028741328048,0.9935487853813625,0.9955585247868958,159,50,False
roberta_v4,0.24,0.9902171906724913,0.9969028741328048,0.9935487853813625,0.9955585247868958,159,50,False
roberta_v4,0.25,0.9902171906724913,0.9969028741328048,0.9935487853813625,0.9955585247868958,159,50,False
roberta_v4,0.26,0.9902171906724913,0.9969028741328048,0.9935487853813625,0.9955585247868958,159,50,False
roberta_v4,0.27,0.9902171906724913,0.9969028741328048,0.9935487853813625,0.9955585247868958,159,50,False
roberta_v4,0.28,0.9902171906724913,0.9969028741328048,0.9935487853813625,0.9955585247868958,159,50,False
roberta_v4,0.29,0.9902165887275413,0.9968409316154608,0.9935177182368193,0.9955089820359282,159,51,False
roberta_v4,0.3,0.9902165887275413,0.9968409316154608,0.9935177182368193,0.9955089820359282,159,51,False
roberta_v4,0.31,0.9902165887275413,0.9968409316154608,0.9935177182368193,0.9955089820359282,159,51,False
roberta_v4,0.32,0.9902165887275413,0.9968409316154608,0.9935177182368193,0.9955089820359282,159,51,False
roberta_v4,0.33,0.9902165887275413,0.9968409316154608,0.9935177182368193,0.9955089820359282,159,51,False
roberta_v4,0.34,0.9902165887275413,0.9968409316154608,0.9935177182368193,0.9955089820359282,159,51,False
roberta_v4,0.35,0.9902165887275413,0.9968409316154608,0.9935177182368193,0.9955089820359282,159,51,False
roberta_v4,0.36,0.9902165887275413,0.9968409316154608,0.9935177182368193,0.9955089820359282,159,51,False
roberta_v4,0.37,0.9902775213832995,0.9968409316154608,0.9935483870967742,0.9955212985759709,158,51,False
roberta_v4,0.38,0.9902775213832995,0.9968409316154608,0.9935483870967742,0.9955212985759709,158,51,False
roberta_v4,0.39,0.9903994091944119,0.9968409316154608,0.9936097304973297,0.995545932570368,156,51,False
roberta_v4,0.4,0.9903988183161004,0.9967789890981169,0.993578661397876,0.9954963872117193,156,52,False
roberta_v4,0.41,0.9903988183161004,0.9967789890981169,0.993578661397876,0.9954963872117193,156,52,False
roberta_v4,0.42,0.9903976363412532,0.9966551040634292,0.9935165174436554,0.9953972928163124,156,54,False
roberta_v4,0.43,0.9903970452446906,0.9965931615460852,0.9934854425885331,0.9953477437794632,156,55,False
roberta_v4,0.44,0.9903970452446906,0.9965931615460852,0.9934854425885331,0.9953477437794632,156,55,False
roberta_v4,0.45,0.9904580152671756,0.9965931615460852,0.9935161170804001,0.9953600593912398,155,55,False
roberta_v4,0.46,0.9905189927968971,0.9965931615460852,0.9935467934665143,0.9953723753077865,154,55,False
roberta_v4,0.47,0.990579977835242,0.9965931615460852,0.9935774717470512,0.9953846915291148,153,55,False
roberta_v4,0.48,0.9906409703835971,0.9965931615460852,0.9936081519221862,0.9953970080552359,152,55,False
roberta_v4,0.49,0.9906409703835971,0.9965931615460852,0.9936081519221862,0.9953970080552359,152,55,False
roberta_v4,0.5,0.9906409703835971,0.9965931615460852,0.9936081519221862,0.9953970080552359,152,55,False
roberta_v4,0.51,0.9906409703835971,0.9965931615460852,0.9936081519221862,0.9953970080552359,152,55,False
roberta_v4,0.52,0.9906409703835971,0.9965931615460852,0.9936081519221862,0.9953970080552359,152,55,False
roberta_v4,0.53,0.9906409703835971,0.9965931615460852,0.9936081519221862,0.9953970080552359,152,55,False
roberta_v4,0.54,0.9906409703835971,0.9965931615460852,0.9936081519221862,0.9953970080552359,152,55,False
roberta_v4,0.55,0.9907019704433497,0.9965931615460852,0.9936388339920948,0.9954093248861612,151,55,False
roberta_v4,0.56,0.9907019704433497,0.9965931615460852,0.9936388339920948,0.9954093248861612,151,55,False
roberta_v4,0.57,0.9907019704433497,0.9965931615460852,0.9936388339920948,0.9954093248861612,151,55,False
roberta_v4,0.58,0.9907019704433497,0.9965931615460852,0.9936388339920948,0.9954093248861612,151,55,False
roberta_v4,0.59,0.9907019704433497,0.9965931615460852,0.9936388339920948,0.9954093248861612,151,55,False
roberta_v4,0.6,0.9907019704433497,0.9965931615460852,0.9936388339920948,0.9954093248861612,151,55,False
roberta_v4,0.61,0.9907629780158876,0.9965931615460852,0.9936695179569527,0.9954216420219019,150,55,False
roberta_v4,0.62,0.9908239931025988,0.9965931615460852,0.9937002038169354,0.9954339594624694,149,55,False
roberta_v4,0.63,0.9908239931025988,0.9965931615460852,0.9937002038169354,0.9954339594624694,149,55,False
roberta_v4,0.64,0.9908239931025988,0.9965931615460852,0.9937002038169354,0.9954339594624694,149,55,False
roberta_v4,0.65,0.9908239931025988,0.9965931615460852,0.9937002038169354,0.9954339594624694,149,55,False
roberta_v4,0.66,0.9908239931025988,0.9965931615460852,0.9937002038169354,0.9954339594624694,149,55,False
roberta_v4,0.67,0.9908239931025988,0.9965931615460852,0.9937002038169354,0.9954339594624694,149,55,False
roberta_v4,0.68,0.9908239931025988,0.9965931615460852,0.9937002038169354,0.9954339594624694,149,55,False
roberta_v4,0.69,0.9908239931025988,0.9965931615460852,0.9937002038169354,0.9954339594624694,149,55,False
roberta_v4,0.7,0.9908239931025988,0.9965931615460852,0.9937002038169354,0.9954339594624694,149,55,False
roberta_v4,0.71,0.9908850157048716,0.9965931615460852,0.9937308915722183,0.9954462772078749,148,55,False
roberta_v4,0.72,0.9908844542990884,0.9965312190287413,0.9936998147004323,0.9953967232589219,148,56,False
roberta_v4,0.73,0.9908844542990884,0.9965312190287413,0.9936998147004323,0.9953967232589219,148,56,False
roberta_v4,0.74,0.9908844542990884,0.9965312190287413,0.9936998147004323,0.9953967232589219,148,56,False
roberta_v4,0.75,0.9908844542990884,0.9965312190287413,0.9936998147004323,0.9953967232589219,148,56,False
roberta_v4,0.76,0.9909454881429012,0.9965312190287413,0.9937305043392323,0.9954090408483993,147,56,False
roberta_v4,0.77,0.9909454881429012,0.9965312190287413,0.9937305043392323,0.9954090408483993,147,56,False
roberta_v4,0.78,0.9910065295059751,0.9965312190287413,0.9937611958737415,0.9954213587427299,146,56,False
roberta_v4,0.79,0.9910059754820427,0.9964692765113974,0.9937301170584056,0.9953718026457449,146,57,False
roberta_v4,0.8,0.9910059754820427,0.9964692765113974,0.9937301170584056,0.9953718026457449,146,57,False
roberta_v4,0.81,0.9910059754820427,0.9964692765113974,0.9937301170584056,0.9953718026457449,146,57,False
roberta_v4,0.82,0.9910059754820427,0.9964692765113974,0.9937301170584056,0.9953718026457449,146,57,False
roberta_v4,0.83,0.9910664777278049,0.9964073339940536,0.9937297297297297,0.9953345625997748,145,58,False
roberta_v4,0.84,0.9911275415896488,0.9964073339940536,0.9937604250324334,0.9953468801821647,144,58,False
roberta_v4,0.85,0.9911275415896488,0.9964073339940536,0.9937604250324334,0.9953468801821647,144,58,False
roberta_v4,0.86,0.9912491526468232,0.9963453914767096,0.9937907386240771,0.9953219558679752,142,59,False
roberta_v4,0.87,0.9913102428201652,0.9963453914767096,0.9938214396045721,0.9953342739041113,141,59,False
roberta_v4,0.88,0.9913102428201652,0.9963453914767096,0.9938214396045721,0.9953342739041113,141,59,False
roberta_v4,0.89,0.991370808678501,0.9962834489593657,0.9938210578348987,0.9952970297029703,140,60,False
roberta_v4,0.9,0.991370808678501,0.9962834489593657,0.9938210578348987,0.9952970297029703,140,60,False
roberta_v4,0.91,0.991370808678501,0.9962834489593657,0.9938210578348987,0.9952970297029703,140,60,False
roberta_v4,0.92,0.991370808678501,0.9962834489593657,0.9938210578348987,0.9952970297029703,140,60,False
roberta_v4,0.93,0.9914930341511528,0.9962834489593657,0.9938824692578632,0.9953216663778807,138,60,False
roberta_v4,0.94,0.991737066041808,0.9962215064420218,0.9939742282376935,0.995321376851955,134,61,False
roberta_v4,0.95,0.9917977181621955,0.9961595639246779,0.9939738558051856,0.9952841281825946,133,62,False
roberta_v4,0.96,0.9919812484579323,0.9961595639246779,0.9940660155767091,0.9953210872901916,130,62,False
roberta_v4,0.97,0.9921031525695602,0.996097621407334,0.9940963743702285,0.9952961564646903,128,63,False
roberta_v4,0.98,0.9922255815388412,0.996097621407334,0.9941578312880591,0.9953207976925839,126,63,False
roberta_v4,0.99,0.9924696006419357,0.9959737363726462,0.9942185809244087,0.9952709310818674,122,65,False
xlm_roberta_v4,0.01,0.5097624162770125,0.9994425173439049,0.675161101347393,0.8383734463981377,15517,9,False
xlm_roberta_v4,0.02,0.5272002092323788,0.9988850346878098,0.6901480784045194,0.8472741793115044,14462,18,False
xlm_roberta_v4,0.03,0.5447902571041948,0.9975222993062438,0.7047085594258709,0.8553582051499957,13456,40,False
xlm_roberta_v4,0.04,0.5617624467565114,0.9966551040634292,0.7185281114634038,0.8630307451350597,12552,54,False
xlm_roberta_v4,0.05,0.579101034495188,0.9951684836471755,0.7321530293708843,0.8701350751199645,11677,78,False
xlm_roberta_v4,0.06,0.5943043365551975,0.9940535183349851,0.7438755881057779,0.8761834044922963,10955,96,False
xlm_roberta_v4,0.07,0.6091320381705508,0.9924430128840436,0.7549178976134945,0.8815017770882162,10281,122,False
xlm_roberta_v4,0.08,0.6216752216518898,0.9902750247770069,0.7638318203535595,0.8852943782394896,9729,157,False
xlm_roberta_v4,0.09,0.6345641718669264,0.9889122893954411,0.773067331670823,0.8895637153841868,9194,179,False
xlm_roberta_v4,0.1,0.6463246616419482,0.9879831516352825,0.7814413796482289,0.8935173773724427,8728,194,False
xlm_roberta_v4,0.11,0.6572702133806595,0.9864345887016849,0.788893567483219,0.8966274421485276,8304,219,False
xlm_roberta_v4,0.12,0.6683055975794251,0.9850718533201189,0.7963445167751627,0.8997759471325759,7893,241,False
xlm_roberta_v4,0.13,0.6780435711234515,0.9832135777998018,0.8025989786115184,0.9020185029436502,7537,271,False
xlm_roberta_v4,0.14,0.6881216069489685,0.9814172447968286,0.8090071229799076,0.9043275761692218,7181,300,False
xlm_roberta_v4,0.15,0.698154851240399,0.9796828543111992,0.81529975771947,0.9065688409950705,6838,328,False
xlm_roberta_v4,0.16,0.7075577483740749,0.9771432111000992,0.8207809776529046,0.9079554742088844,6520,369,False
xlm_roberta_v4,0.17,0.7163139931740614,0.9750371655104063,0.8258873527637136,0.9093482455430902,6234,403,False
xlm_roberta_v4,0.18,0.7248638168220848,0.972621407333994,0.8306617997143311,0.9103875321783901,5960,442,False
xlm_roberta_v4,0.19,0.7325728178035439,0.9705773042616452,0.8349452481816002,0.9113592741231896,5720,475,False
xlm_roberta_v4,0.2,0.7403987308803334,0.9684712586719524,0.8392152652907866,0.9122682132729628,5482,509,False
xlm_roberta_v4,0.21,0.7487642174977204,0.9664271555996036,0.8437846461696547,0.9133270111107209,5235,542,False
xlm_roberta_v4,0.22,0.755754103136836,0.9640733399405352,0.8472970765964396,0.9137020077492075,5030,580,False
xlm_roberta_v4,0.23,0.7630841810408374,0.9618434093161546,0.8510125229496067,0.9142184280247277,4821,616,False
xlm_roberta_v4,0.24,0.7705285159749179,0.9590559960356789,0.8545173574700591,0.9143143970709815,4611,661,False
xlm_roberta_v4,0.25,0.777117833593396,0.956330525272547,0.8574602204881842,0.9141669528557725,4428,705,False
xlm_roberta_v4,0.26,0.7841620438699171,0.9544103072348861,0.8609504651747548,0.9146927871772039,4241,736,False
xlm_roberta_v4,0.27,0.7914157789099892,0.9525520317145689,0.8645397048489107,0.9152808694513552,4053,766,True
xlm_roberta_v4,0.28,0.7978142076502732,0.9495787908820614,0.8671059701914647,0.9147760499337638,3885,814,False
xlm_roberta_v4,0.29,0.8038184400147268,0.946667492566898,0.8694143413829394,0.9141753101484645,3730,861,False
xlm_roberta_v4,0.3,0.809022796110314,0.9430748265609514,0.8709206875840174,0.9128245098627016,3594,919,False
xlm_roberta_v4,0.31,0.8149618976065257,0.9406590683845392,0.8733107136695613,0.9125105155630333,3448,958,False
xlm_roberta_v4,0.32,0.8206560043372187,0.9376238850346879,0.875249356731909,0.9116368147818021,3308,1007,False
xlm_roberta_v4,0.33,0.8264892685063513,0.9350222993062438,0.87741222971402,0.9110936745533559,3169,1049,False
xlm_roberta_v4,0.34,0.8320800619263519,0.9321729435084242,0.8792871749926965,0.9102731605816458,3037,1095,False
xlm_roberta_v4,0.35,0.8377381684081131,0.9287041625371655,0.8808789401016421,0.9089641458416694,2904,1151,False
xlm_roberta_v4,0.36,0.842345902009483,0.9243681863230921,0.8814530419373893,0.9067102513002478,2793,1221,False
xlm_roberta_v4,0.37,0.8473069250498717,0.9208374628344896,0.8825432633797382,0.9051277992230976,2679,1278,False
xlm_roberta_v4,0.38,0.8526109735736082,0.917306739345887,0.8837764449616566,0.9035938739398377,2560,1335,False
xlm_roberta_v4,0.39,0.856752831832704,0.9135901883052527,0.8842591204772325,0.9016273184091159,2466,1395,False
xlm_roberta_v4,0.4,0.8615050990505216,0.9104930624380575,0.885321929771728,0.9002547833116931,2363,1445,False
xlm_roberta_v4,0.41,0.8667258732978094,0.9067765113974232,0.8862989647030333,0.8984729825939656,2251,1505,False
xlm_roberta_v4,0.42,0.8717687888942077,0.9024405351833499,0.8868395422449477,0.8961347308335794,2143,1575,False
xlm_roberta_v4,0.43,0.8752864551923772,0.8990336967294351,0.8870011611562671,0.8941817196086645,2068,1630,False
xlm_roberta_v4,0.44,0.8802825478017294,0.8954410307234886,0.8877970889885156,0.8923677127830317,1966,1688,False
xlm_roberta_v4,0.45,0.8834408602150537,0.890609514370664,0.8870107035997409,0.8891664914472301,1897,1766,False
xlm_roberta_v4,0.46,0.8871117723637716,0.8863974231912785,0.8867544539116964,0.8865402009738932,1821,1834,False
xlm_roberta_v4,0.47,0.8907247465264739,0.8815659068384539,0.8861216611668016,0.8833825756635301,1746,1912,False
xlm_roberta_v4,0.48,0.8945507356191198,0.8775396432111001,0.885963540852381,0.8808899058609926,1670,1977,False
xlm_roberta_v4,0.49,0.8992020427705075,0.8725222993062438,0.8856612908296394,0.8777308358569809,1579,2058,False
xlm_roberta_v4,0.5,0.9028538298009405,0.8681243805748265,0.8851485773833959,0.8748548671019614,1508,2129,False
xlm_roberta_v4,0.51,0.9059068165572812,0.8635406342913776,0.8842165350585102,0.8716938660664041,1448,2203,False
xlm_roberta_v4,0.52,0.9091863517060368,0.8582755203171457,0.8829977058373694,0.8679963917009121,1384,2288,False
xlm_roberta_v4,0.53,0.9115055971385043,0.8523909811694748,0.8809577158221568,0.8635924340742787,1336,2383,False
xlm_roberta_v4,0.54,0.9148110999665664,0.8474355797819624,0.879835364481173,0.8601048647697125,1274,2463,False
xlm_roberta_v4,0.55,0.9180405405405405,0.8416129831516352,0.8781670113753878,0.8558632332191091,1213,2557,False
xlm_roberta_v4,0.56,0.9202320027294438,0.8353567888999008,0.8757427189194454,0.8510557736239603,1169,2658,False
xlm_roberta_v4,0.57,0.9235809366163183,0.8294722497522299,0.8740005874098489,0.8467277900727158,1108,2753,False
xlm_roberta_v4,0.58,0.9263084438241451,0.8222249752229931,0.8711688652621907,0.8411274174334018,1056,2870,False
xlm_roberta_v4,0.59,0.9291255289139634,0.8160926660059464,0.8689486875082443,0.836444207425466,1005,2969,False
xlm_roberta_v4,0.6,0.9316708229426434,0.8099603567888999,0.8665628417111236,0.8316902214702777,959,3068,False
xlm_roberta_v4,0.61,0.9338902491718277,0.8032705649157582,0.8636696636696637,0.8263872957610053,918,3176,False
xlm_roberta_v4,0.62,0.9369625419035126,0.7963949454905848,0.8609790397107079,0.821029911364275,865,3287,False
xlm_roberta_v4,0.63,0.9386837644631144,0.7889618434093162,0.8573351731565308,0.8149593704011773,832,3407,False
xlm_roberta_v4,0.64,0.9413036992840096,0.7817765113974232,0.8541553871142393,0.8092044521953221,787,3523,False
xlm_roberta_v4,0.65,0.9434844940768128,0.7745292368681863,0.8506990509235637,0.8032995413020854,749,3640,False
xlm_roberta_v4,0.66,0.9455226161369193,0.7665386521308226,0.8466748768472906,0.796701174289246,713,3769,False
xlm_roberta_v4,0.67,0.9483626229000542,0.7587958374628345,0.8430542651663742,0.7903939710683545,667,3894,False
xlm_roberta_v4,0.68,0.9505183788878416,0.7496283448959365,0.8382047374982684,0.7827133026336214,630,4042,False
xlm_roberta_v4,0.69,0.9524189049175101,0.740213082259663,0.8330138370917709,0.7747364599406144,597,4194,False
xlm_roberta_v4,0.7,0.9534789644012945,0.7299925668979187,0.8269014875105248,0.765896329416658,575,4359,False
xlm_roberta_v4,0.71,0.955540918821011,0.7189048562933598,0.8205019441498763,0.7563671437136675,540,4538,False
xlm_roberta_v4,0.72,0.9568525796471277,0.7088082259663032,0.8143614560723055,0.7475664728555563,516,4701,False
xlm_roberta_v4,0.73,0.9585421799337355,0.6988974231912785,0.8083825900053735,0.7389288380682935,488,4861,False
xlm_roberta_v4,0.74,0.960079324021383,0.6897299306243806,0.802753947083844,0.730892430488093,463,5009,False
xlm_roberta_v4,0.75,0.9620419998242685,0.6782086223984143,0.7955676657584014,0.7207367326250379,432,5195,False
xlm_roberta_v4,0.76,0.9637570646810801,0.6654484638255699,0.7872925140156095,0.7093617527039341,404,5401,False
xlm_roberta_v4,0.77,0.9647306705753023,0.652316650148662,0.7783444198078344,0.6974911248874053,385,5613,False
xlm_roberta_v4,0.78,0.9668818411451024,0.6401759167492567,0.7703201282003503,0.6865741048296021,354,5809,False
xlm_roberta_v4,0.79,0.9685069611137782,0.6248141724479683,0.7595918521028653,0.6725473723513489,328,6057,False
xlm_roberta_v4,0.8,0.9705188679245284,0.6117443012884044,0.7504559270516717,0.6605843321917808,300,6268,False
xlm_roberta_v4,0.81,0.9722670431625655,0.5971878097125867,0.7399079048349961,0.6471164688825646,275,6503,False
xlm_roberta_v4,0.82,0.9738507834388295,0.581330525272547,0.7280555447810403,0.6323016183148505,252,6759,False
xlm_roberta_v4,0.83,0.9751738897806314,0.564482160555005,0.7150535525128486,0.6164012932725477,232,7031,False
xlm_roberta_v4,0.84,0.977064725989635,0.548872646184341,0.7028913655653829,0.6016022812139317,208,7283,False
xlm_roberta_v4,0.85,0.979095270733379,0.5309093161546086,0.6884890352638766,0.5844129278603573,183,7573,False
xlm_roberta_v4,0.86,0.9801559177888023,0.5139990089197225,0.6743600162535555,0.5680293529750007,168,7846,False
xlm_roberta_v4,0.87,0.9815634218289085,0.49467294350842417,0.6578253706754531,0.5491528220926395,150,8158,False
xlm_roberta_v4,0.88,0.9832452635648924,0.4725594648166501,0.6383299167468519,0.5273380797677473,130,8515,False
xlm_roberta_v4,0.89,0.9842284160435079,0.44840188305252726,0.6161113238861228,0.503190557617717,116,8905,False
xlm_roberta_v4,0.9,0.9859988452655889,0.42312933597621405,0.5921463245492372,0.47766558514208995,97,9313,False
xlm_roberta_v4,0.91,0.9871695779873242,0.3955649157581764,0.5648078538893557,0.4494334576676754,83,9758,False
xlm_roberta_v4,0.92,0.9887847338466689,0.365894449950446,0.5341350935889321,0.4186392629340893,67,10237,False
xlm_roberta_v4,0.93,0.9895239845616615,0.33349851337958375,0.4988649525133194,0.38447805532942,57,10760,False
xlm_roberta_v4,0.94,0.9903331962155492,0.2982532210109019,0.45844044558697516,0.34671217488982975,47,11329,False
xlm_roberta_v4,0.95,0.9916298535224366,0.2641848364717542,0.417216923453167,0.3096098842864817,36,11879,False
xlm_roberta_v4,0.96,0.9924895688456189,0.22101090188305253,0.36151780738639244,0.2616948555837526,27,12576,False
xlm_roberta_v4,0.97,0.9939759036144579,0.17374876114965312,0.2957924707371085,0.20809222825603133,17,13339,False
xlm_roberta_v4,0.98,0.9948266942576306,0.11911546085232903,0.2127565414615257,0.14456690072020328,10,14221,False
xlm_roberta_v4,0.99,0.9936708860759493,0.05834985133795838,0.11022700678680085,0.07188205848238813,6,15202,False
