model,threshold,accuracy,precision,recall,f1,f2,roc_auc,average_precision,tn,fp,fn,tp,false_positive_rate,false_negative_rate
logistic_regression,0.05,0.4576923076923077,0.45664739884393063,1.0,0.626984126984127,0.8077709611451943,0.8510682709367686,0.8148629911175866,1,282,0,237,0.9964664310954063,0.0
logistic_regression,0.06,0.4634615384615385,0.45930232558139533,1.0,0.6294820717131474,0.8094262295081968,0.8510682709367686,0.8148629911175866,4,279,0,237,0.9858657243816255,0.0
logistic_regression,0.07,0.4634615384615385,0.45930232558139533,1.0,0.6294820717131474,0.8094262295081968,0.8510682709367686,0.8148629911175866,4,279,0,237,0.9858657243816255,0.0
logistic_regression,0.08,0.4634615384615385,0.45930232558139533,1.0,0.6294820717131474,0.8094262295081968,0.8510682709367686,0.8148629911175866,4,279,0,237,0.9858657243816255,0.0
logistic_regression,0.09,0.4653846153846154,0.4601941747572815,1.0,0.6303191489361702,0.8099794941900205,0.8510682709367686,0.8148629911175866,5,278,0,237,0.9823321554770318,0.0
logistic_regression,0.1,0.4673076923076923,0.46108949416342415,1.0,0.6311584553928096,0.8105335157318742,0.8510682709367686,0.8148629911175866,6,277,0,237,0.9787985865724381,0.0
logistic_regression,0.11,0.46923076923076923,0.4619883040935672,1.0,0.632,0.811088295687885,0.8510682709367686,0.8148629911175866,7,276,0,237,0.9752650176678446,0.0
logistic_regression,0.12,0.47115384615384615,0.462890625,1.0,0.6328437917222964,0.8116438356164384,0.8510682709367686,0.8148629911175866,8,275,0,237,0.9717314487632509,0.0
logistic_regression,0.13,0.47307692307692306,0.4637964774951076,1.0,0.6336898395721925,0.8122001370801919,0.8510682709367686,0.8148629911175866,9,274,0,237,0.9681978798586572,0.0
logistic_regression,0.14,0.47884615384615387,0.46653543307086615,1.0,0.636241610738255,0.8138736263736264,0.8510682709367686,0.8148629911175866,12,271,0,237,0.9575971731448764,0.0
logistic_regression,0.15,0.47884615384615387,0.46653543307086615,1.0,0.636241610738255,0.8138736263736264,0.8510682709367686,0.8148629911175866,12,271,0,237,0.9575971731448764,0.0
logistic_regression,0.16,0.47884615384615387,0.46653543307086615,1.0,0.636241610738255,0.8138736263736264,0.8510682709367686,0.8148629911175866,12,271,0,237,0.9575971731448764,0.0
logistic_regression,0.17,0.4807692307692308,0.46745562130177515,1.0,0.6370967741935484,0.8144329896907216,0.8510682709367686,0.8148629911175866,13,270,0,237,0.9540636042402827,0.0
logistic_regression,0.18,0.4826923076923077,0.4683794466403162,1.0,0.6379542395693136,0.8149931224209078,0.8510682709367686,0.8148629911175866,14,269,0,237,0.950530035335689,0.0
logistic_regression,0.19,0.48653846153846153,0.47023809523809523,1.0,0.6396761133603239,0.8161157024793388,0.8510682709367686,0.8148629911175866,16,267,0,237,0.9434628975265018,0.0
logistic_regression,0.2,0.48653846153846153,0.47023809523809523,1.0,0.6396761133603239,0.8161157024793388,0.8510682709367686,0.8148629911175866,16,267,0,237,0.9434628975265018,0.0
logistic_regression,0.21,0.48846153846153845,0.4711729622266402,1.0,0.6405405405405405,0.8166781529979324,0.8510682709367686,0.8148629911175866,17,266,0,237,0.9399293286219081,0.0
logistic_regression,0.22,0.49038461538461536,0.4721115537848606,1.0,0.6414073071718539,0.8172413793103448,0.8510682709367686,0.8148629911175866,18,265,0,237,0.9363957597173145,0.0
logistic_regression,0.23,0.49230769230769234,0.47305389221556887,1.0,0.6422764227642277,0.8178053830227743,0.8510682709367686,0.8148629911175866,19,264,0,237,0.9328621908127208,0.0
logistic_regression,0.24,0.49615384615384617,0.4749498997995992,1.0,0.6440217391304348,0.8189357290946786,0.8510682709367686,0.8148629911175866,21,262,0,237,0.9257950530035336,0.0
logistic_regression,0.25,0.4980769230769231,0.4759036144578313,1.0,0.6448979591836734,0.8195020746887967,0.8510682709367686,0.8148629911175866,22,261,0,237,0.9222614840989399,0.0
logistic_regression,0.26,0.5038461538461538,0.47878787878787876,1.0,0.6475409836065574,0.8212058212058212,0.8510682709367686,0.8148629911175866,25,258,0,237,0.911660777385159,0.0
logistic_regression,0.27,0.5038461538461538,0.47878787878787876,1.0,0.6475409836065574,0.8212058212058212,0.8510682709367686,0.8148629911175866,25,258,0,237,0.911660777385159,0.0
logistic_regression,0.28,0.5076923076923077,0.48073022312373226,1.0,0.6493150684931507,0.8223455933379598,0.8510682709367686,0.8148629911175866,27,256,0,237,0.9045936395759717,0.0
logistic_regression,0.29,0.5096153846153846,0.4817073170731707,1.0,0.6502057613168725,0.8229166666666666,0.8510682709367686,0.8148629911175866,28,255,0,237,0.901060070671378,0.0
logistic_regression,0.3,0.5115384615384615,0.48268839103869654,1.0,0.6510989010989011,0.8234885337039611,0.8510682709367686,0.8148629911175866,29,254,0,237,0.8975265017667845,0.0
logistic_regression,0.31,0.5153846153846153,0.48466257668711654,1.0,0.6528925619834711,0.824634655532359,0.8510682709367686,0.8148629911175866,31,252,0,237,0.8904593639575972,0.0
logistic_regression,0.32,0.5192307692307693,0.486652977412731,1.0,0.6546961325966851,0.8257839721254355,0.8510682709367686,0.8148629911175866,33,250,0,237,0.8833922261484098,0.0
logistic_regression,0.33,0.5269230769230769,0.4906832298136646,1.0,0.6583333333333333,0.8280922431865828,0.8510682709367686,0.8148629911175866,37,246,0,237,0.8692579505300353,0.0
logistic_regression,0.34,0.5269230769230769,0.4906832298136646,1.0,0.6583333333333333,0.8280922431865828,0.8510682709367686,0.8148629911175866,37,246,0,237,0.8692579505300353,0.0
logistic_regression,0.35,0.5403846153846154,0.49789915966386555,1.0,0.664796633941094,0.8321629213483146,0.8510682709367686,0.8148629911175866,44,239,0,237,0.8445229681978799,0.0
logistic_regression,0.36,0.5461538461538461,0.5010570824524313,1.0,0.6676056338028169,0.8339197748064743,0.8510682709367686,0.8148629911175866,47,236,0,237,0.833922261484099,0.0
logistic_regression,0.37,0.5576923076923077,0.5074946466809421,1.0,0.6732954545454546,0.8374558303886925,0.8510682709367686,0.8148629911175866,53,230,0,237,0.8127208480565371,0.0
logistic_regression,0.38,0.5596153846153846,0.5085836909871244,1.0,0.6742532005689901,0.8380480905233381,0.8510682709367686,0.8148629911175866,54,229,0,237,0.8091872791519434,0.0
logistic_regression,0.39,0.5596153846153846,0.5085836909871244,1.0,0.6742532005689901,0.8380480905233381,0.8510682709367686,0.8148629911175866,54,229,0,237,0.8091872791519434,0.0
logistic_regression,0.4,0.5615384615384615,0.509719222462203,0.9957805907172996,0.6742857142857143,0.8362863217576187,0.8510682709367686,0.8148629911175866,56,227,1,236,0.8021201413427562,0.004219409282700422
logistic_regression,0.41,0.5711538461538461,0.5152838427947598,0.9957805907172996,0.679136690647482,0.8392603129445235,0.8510682709367686,0.8148629911175866,61,222,1,236,0.784452296819788,0.004219409282700422
logistic_regression,0.42,0.5769230769230769,0.5186813186813187,0.9957805907172996,0.6820809248554913,0.8410548823948681,0.8510682709367686,0.8148629911175866,64,219,1,236,0.773851590106007,0.004219409282700422
logistic_regression,0.43,0.5923076923076923,0.5279642058165548,0.9957805907172996,0.6900584795321637,0.8458781362007168,0.8510682709367686,0.8148629911175866,72,211,1,236,0.7455830388692579,0.004219409282700422
logistic_regression,0.44,0.6,0.5327313769751693,0.9957805907172996,0.6941176470588235,0.8483105679367362,0.8510682709367686,0.8148629911175866,76,207,1,236,0.7314487632508834,0.004219409282700422
logistic_regression,0.45,0.6,0.5327313769751693,0.9957805907172996,0.6941176470588235,0.8483105679367362,0.8510682709367686,0.8148629911175866,76,207,1,236,0.7314487632508834,0.004219409282700422
logistic_regression,0.46,0.6096153846153847,0.5388127853881278,0.9957805907172996,0.6992592592592592,0.8513708513708513,0.8510682709367686,0.8148629911175866,81,202,1,236,0.7137809187279152,0.004219409282700422
logistic_regression,0.47,0.6096153846153847,0.5389908256880734,0.9915611814345991,0.6983655274888558,0.8489884393063584,0.8510682709367686,0.8148629911175866,82,201,2,235,0.7102473498233216,0.008438818565400843
logistic_regression,0.48,0.625,0.5490654205607477,0.9915611814345991,0.706766917293233,0.8539244186046512,0.8510682709367686,0.8148629911175866,90,193,2,235,0.6819787985865724,0.008438818565400843
logistic_regression,0.49,0.625,0.5492957746478874,0.9873417721518988,0.7058823529411765,0.851528384279476,0.8510682709367686,0.8148629911175866,91,192,3,234,0.6784452296819788,0.012658227848101266
logistic_regression,0.5,0.6326923076923077,0.5545023696682464,0.9873417721518988,0.7101669195751138,0.8540145985401459,0.8510682709367686,0.8148629911175866,95,188,3,234,0.6643109540636042,0.012658227848101266
logistic_regression,0.51,0.6403846153846153,0.5598086124401914,0.9873417721518988,0.7145038167938931,0.8565153733528551,0.8510682709367686,0.8148629911175866,99,184,3,234,0.6501766784452296,0.012658227848101266
logistic_regression,0.52,0.6461538461538462,0.563855421686747,0.9873417721518988,0.7177914110429447,0.8584005869405723,0.8510682709367686,0.8148629911175866,102,181,3,234,0.6395759717314488,0.012658227848101266
logistic_regression,0.53,0.6461538461538462,0.5641646489104116,0.9831223628691983,0.7169230769230769,0.8559882439382807,0.8510682709367686,0.8148629911175866,103,180,4,233,0.6360424028268551,0.016877637130801686
logistic_regression,0.54,0.6519230769230769,0.5682926829268292,0.9831223628691983,0.7202472952086554,0.8578792341678939,0.8510682709367686,0.8148629911175866,106,177,4,233,0.6254416961130742,0.016877637130801686
logistic_regression,0.55,0.6634615384615384,0.5767326732673267,0.9831223628691983,0.7269890795631825,0.8616863905325444,0.8510682709367686,0.8148629911175866,112,171,4,233,0.6042402826855123,0.016877637130801686
logistic_regression,0.56,0.6730769230769231,0.5843828715365239,0.9789029535864979,0.7318611987381703,0.862453531598513,0.8510682709367686,0.8148629911175866,118,165,5,232,0.5830388692579506,0.02109704641350211
logistic_regression,0.57,0.676923076923077,0.5877862595419847,0.9746835443037974,0.7333333333333333,0.8612975391498882,0.8510682709367686,0.8148629911175866,121,162,6,231,0.5724381625441696,0.02531645569620253
logistic_regression,0.58,0.676923076923077,0.5891472868217055,0.9620253164556962,0.7307692307692307,0.8539325842696629,0.8510682709367686,0.8148629911175866,124,159,9,228,0.5618374558303887,0.0379746835443038
logistic_regression,0.59,0.6846153846153846,0.5958005249343832,0.9578059071729957,0.7346278317152104,0.8540255831452219,0.8510682709367686,0.8148629911175866,129,154,10,227,0.5441696113074205,0.04219409282700422
logistic_regression,0.6,0.698076923076923,0.6086956521739131,0.9451476793248945,0.740495867768595,0.851063829787234,0.8510682709367686,0.8148629911175866,139,144,13,224,0.508833922261484,0.05485232067510549
logistic_regression,0.61,0.7211538461538461,0.632183908045977,0.9282700421940928,0.7521367521367521,0.8487654320987654,0.8510682709367686,0.8148629911175866,155,128,17,220,0.45229681978798586,0.07172995780590717
logistic_regression,0.62,0.7326923076923076,0.6458333333333334,0.9156118143459916,0.7574171029668412,0.8450155763239875,0.8510682709367686,0.8148629911175866,164,119,20,217,0.4204946996466431,0.08438818565400844
logistic_regression,0.63,0.7442307692307693,0.6595092024539877,0.9071729957805907,0.7637655417406749,0.8437990580847724,0.8510682709367686,0.8148629911175866,172,111,22,215,0.392226148409894,0.09282700421940929
logistic_regression,0.64,0.7442307692307693,0.6635220125786163,0.890295358649789,0.7603603603603604,0.8333333333333334,0.8510682709367686,0.8148629911175866,176,107,26,211,0.37809187279151946,0.10970464135021098
logistic_regression,0.65,0.7480769230769231,0.6709677419354839,0.8776371308016878,0.7605118829981719,0.8267090620031796,0.8510682709367686,0.8148629911175866,181,102,29,208,0.36042402826855124,0.12236286919831224
logistic_regression,0.66,0.7461538461538462,0.6744186046511628,0.8565400843881856,0.7546468401486989,0.8126501200960768,0.8510682709367686,0.8148629911175866,185,98,34,203,0.3462897526501767,0.14345991561181434
logistic_regression,0.67,0.7423076923076923,0.6769759450171822,0.8312236286919831,0.7462121212121212,0.7949959644874899,0.8510682709367686,0.8148629911175866,189,94,40,197,0.3321554770318021,0.16877637130801687
logistic_regression,0.68,0.7461538461538462,0.6842105263157895,0.8227848101265823,0.7471264367816092,0.7907542579075426,0.8510682709367686,0.8148629911175866,193,90,42,195,0.31802120141342755,0.17721518987341772
logistic_regression,0.69,0.75,0.6917562724014337,0.8143459915611815,0.748062015503876,0.7864710676446618,0.8510682709367686,0.8148629911175866,197,86,44,193,0.303886925795053,0.18565400843881857
logistic_regression,0.7,0.7615384615384615,0.7164750957854407,0.7890295358649789,0.751004016064257,0.7733664185277088,0.8510682709367686,0.8148629911175866,209,74,50,187,0.26148409893992935,0.2109704641350211
logistic_regression,0.71,0.7673076923076924,0.732,0.7721518987341772,0.7515400410677618,0.7637729549248747,0.8510682709367686,0.8148629911175866,216,67,54,183,0.23674911660777384,0.22784810126582278
logistic_regression,0.72,0.7615384615384615,0.7424892703862661,0.729957805907173,0.7361702127659574,0.7324301439458086,0.8510682709367686,0.8148629911175866,223,60,64,173,0.21201413427561838,0.270042194092827
logistic_regression,0.73,0.7653846153846153,0.7601809954751131,0.7088607594936709,0.7336244541484717,0.718562874251497,0.8510682709367686,0.8148629911175866,230,53,69,168,0.1872791519434629,0.2911392405063291
logistic_regression,0.74,0.7615384615384615,0.7703349282296651,0.679324894514768,0.7219730941704036,0.6957649092480553,0.8510682709367686,0.8148629911175866,235,48,76,161,0.1696113074204947,0.3206751054852321
logistic_regression,0.75,0.7576923076923077,0.7817258883248731,0.6497890295358649,0.7096774193548387,0.6724890829694323,0.8510682709367686,0.8148629911175866,240,43,83,154,0.1519434628975265,0.350210970464135
logistic_regression,0.76,0.7519230769230769,0.7934782608695652,0.6160337552742616,0.6935866983372921,0.6448763250883393,0.8510682709367686,0.8148629911175866,245,38,91,146,0.13427561837455831,0.38396624472573837
logistic_regression,0.77,0.75,0.8165680473372781,0.5822784810126582,0.6798029556650246,0.6177260519247986,0.8510682709367686,0.8148629911175866,252,31,99,138,0.10954063604240283,0.4177215189873418
logistic_regression,0.78,0.7461538461538462,0.8343949044585988,0.5527426160337553,0.6649746192893401,0.5927601809954751,0.8510682709367686,0.8148629911175866,257,26,106,131,0.09187279151943463,0.4472573839662447
logistic_regression,0.79,0.7365384615384616,0.8378378378378378,0.5232067510548524,0.6441558441558441,0.5656934306569343,0.8510682709367686,0.8148629911175866,259,24,113,124,0.08480565371024736,0.4767932489451477
logistic_regression,0.8,0.7230769230769231,0.8444444444444444,0.4810126582278481,0.6129032258064516,0.5263157894736842,0.8510682709367686,0.8148629911175866,262,21,123,114,0.07420494699646643,0.5189873417721519
logistic_regression,0.81,0.7038461538461539,0.832,0.4388185654008439,0.574585635359116,0.4846225535880708,0.8510682709367686,0.8148629911175866,262,21,133,104,0.07420494699646643,0.5611814345991561
logistic_regression,0.82,0.6942307692307692,0.8421052631578947,0.4050632911392405,0.5470085470085471,0.4519774011299435,0.8510682709367686,0.8148629911175866,265,18,141,96,0.0636042402826855,0.5949367088607594
logistic_regression,0.83,0.6807692307692308,0.8585858585858586,0.35864978902953587,0.5059523809523809,0.4059216809933142,0.8510682709367686,0.8148629911175866,269,14,152,85,0.04946996466431095,0.6413502109704642
logistic_regression,0.84,0.6615384615384615,0.8426966292134831,0.31645569620253167,0.4601226993865031,0.36162005785920925,0.8510682709367686,0.8148629911175866,269,14,162,75,0.04946996466431095,0.6835443037974683
logistic_regression,0.85,0.6615384615384615,0.8765432098765432,0.29957805907172996,0.44654088050314467,0.34499514091350825,0.8510682709367686,0.8148629911175866,273,10,166,71,0.0353356890459364,0.70042194092827
logistic_regression,0.86,0.6538461538461539,0.9014084507042254,0.270042194092827,0.4155844155844156,0.3140333660451423,0.8510682709367686,0.8148629911175866,276,7,173,64,0.024734982332155476,0.729957805907173
logistic_regression,0.87,0.6384615384615384,0.9622641509433962,0.21518987341772153,0.35172413793103446,0.2547452547452547,0.8510682709367686,0.8148629911175866,281,2,186,51,0.007067137809187279,0.7848101265822784
logistic_regression,0.88,0.6211538461538462,0.9545454545454546,0.17721518987341772,0.298932384341637,0.21169354838709678,0.8510682709367686,0.8148629911175866,281,2,195,42,0.007067137809187279,0.8227848101265823
logistic_regression,0.89,0.6076923076923076,0.9459459459459459,0.14767932489451477,0.25547445255474455,0.17766497461928935,0.8510682709367686,0.8148629911175866,281,2,202,35,0.007067137809187279,0.8523206751054853
logistic_regression,0.9,0.5884615384615385,0.9259259259259259,0.10548523206751055,0.1893939393939394,0.1282051282051282,0.8510682709367686,0.8148629911175866,281,2,212,25,0.007067137809187279,0.8945147679324894
logistic_regression,0.91,0.575,0.9444444444444444,0.07172995780590717,0.13333333333333333,0.08799171842650104,0.8510682709367686,0.8148629911175866,282,1,220,17,0.0035335689045936395,0.9282700421940928
logistic_regression,0.92,0.5596153846153846,0.9,0.0379746835443038,0.0728744939271255,0.04697286012526096,0.8510682709367686,0.8148629911175866,282,1,228,9,0.0035335689045936395,0.9620253164556962
logistic_regression,0.93,0.5596153846153846,1.0,0.03375527426160337,0.0653061224489796,0.04184100418410042,0.8510682709367686,0.8148629911175866,283,0,229,8,0.0,0.9662447257383966
logistic_regression,0.94,0.551923076923077,1.0,0.016877637130801686,0.03319502074688797,0.02100840336134454,0.8510682709367686,0.8148629911175866,283,0,233,4,0.0,0.9831223628691983
logistic_regression,0.95,0.55,1.0,0.012658227848101266,0.025,0.015772870662460567,0.8510682709367686,0.8148629911175866,283,0,234,3,0.0,0.9873417721518988
linear_svm,0.05,0.4826923076923077,0.4683794466403162,1.0,0.6379542395693136,0.8149931224209078,0.8237241132531198,0.8084969580092642,14,269,0,237,0.950530035335689,0.0
linear_svm,0.06,0.49038461538461536,0.4721115537848606,1.0,0.6414073071718539,0.8172413793103448,0.8237241132531198,0.8084969580092642,18,265,0,237,0.9363957597173145,0.0
linear_svm,0.07,0.49615384615384617,0.4749498997995992,1.0,0.6440217391304348,0.8189357290946786,0.8237241132531198,0.8084969580092642,21,262,0,237,0.9257950530035336,0.0
linear_svm,0.08,0.5057692307692307,0.4797570850202429,1.0,0.6484268125854993,0.8217753120665742,0.8237241132531198,0.8084969580092642,26,257,0,237,0.9081272084805654,0.0
linear_svm,0.09,0.5057692307692307,0.4797570850202429,1.0,0.6484268125854993,0.8217753120665742,0.8237241132531198,0.8084969580092642,26,257,0,237,0.9081272084805654,0.0
linear_svm,0.1,0.5096153846153846,0.4817073170731707,1.0,0.6502057613168725,0.8229166666666666,0.8237241132531198,0.8084969580092642,28,255,0,237,0.901060070671378,0.0
linear_svm,0.11,0.5134615384615384,0.48367346938775513,1.0,0.6519944979367263,0.8240611961057024,0.8237241132531198,0.8084969580092642,30,253,0,237,0.8939929328621908,0.0
linear_svm,0.12,0.5153846153846153,0.48466257668711654,1.0,0.6528925619834711,0.824634655532359,0.8237241132531198,0.8084969580092642,31,252,0,237,0.8904593639575972,0.0
linear_svm,0.13,0.5192307692307693,0.486652977412731,1.0,0.6546961325966851,0.8257839721254355,0.8237241132531198,0.8084969580092642,33,250,0,237,0.8833922261484098,0.0
linear_svm,0.14,0.5230769230769231,0.488659793814433,1.0,0.6565096952908587,0.8269364968597348,0.8237241132531198,0.8084969580092642,35,248,0,237,0.8763250883392226,0.0
linear_svm,0.15,0.525,0.4896694214876033,1.0,0.6574202496532594,0.827513966480447,0.8237241132531198,0.8084969580092642,36,247,0,237,0.872791519434629,0.0
linear_svm,0.16,0.5288461538461539,0.491701244813278,1.0,0.6592489568845619,0.8286713286713286,0.8237241132531198,0.8084969580092642,38,245,0,237,0.8657243816254417,0.0
linear_svm,0.17,0.5307692307692308,0.49269311064718163,0.9957805907172996,0.659217877094972,0.8269096005606167,0.8237241132531198,0.8084969580092642,40,243,1,236,0.8586572438162544,0.004219409282700422
linear_svm,0.18,0.5365384615384615,0.4957983193277311,0.9957805907172996,0.6619915848527349,0.8286516853932584,0.8237241132531198,0.8084969580092642,43,240,1,236,0.8480565371024735,0.004219409282700422
linear_svm,0.19,0.5423076923076923,0.4989429175475687,0.9957805907172996,0.6647887323943662,0.8304011259676284,0.8237241132531198,0.8084969580092642,46,237,1,236,0.8374558303886925,0.004219409282700422
linear_svm,0.2,0.5461538461538461,0.5010615711252654,0.9957805907172996,0.6666666666666666,0.8315715292459479,0.8237241132531198,0.8084969580092642,48,235,1,236,0.8303886925795053,0.004219409282700422
linear_svm,0.21,0.55,0.5031982942430704,0.9957805907172996,0.6685552407932012,0.8327452364149612,0.8237241132531198,0.8084969580092642,50,233,1,236,0.823321554770318,0.004219409282700422
linear_svm,0.22,0.5538461538461539,0.5053533190578159,0.9957805907172996,0.6704545454545454,0.833922261484099,0.8237241132531198,0.8084969580092642,52,231,1,236,0.8162544169611308,0.004219409282700422
linear_svm,0.23,0.5538461538461539,0.5053763440860215,0.9915611814345991,0.6695156695156695,0.8315640481245576,0.8237241132531198,0.8084969580092642,53,230,2,235,0.8127208480565371,0.008438818565400843
linear_svm,0.24,0.5596153846153846,0.5086580086580087,0.9915611814345991,0.6723891273247496,0.8333333333333334,0.8237241132531198,0.8084969580092642,56,227,2,235,0.8021201413427562,0.008438818565400843
linear_svm,0.25,0.5596153846153846,0.508695652173913,0.9873417721518988,0.6714490674318508,0.8309659090909091,0.8237241132531198,0.8084969580092642,57,226,3,234,0.7985865724381626,0.012658227848101266
linear_svm,0.26,0.5596153846153846,0.5087719298245614,0.9789029535864979,0.6695526695526696,0.8262108262108262,0.8237241132531198,0.8084969580092642,59,224,5,232,0.7915194346289752,0.02109704641350211
linear_svm,0.27,0.5615384615384615,0.5098901098901099,0.9789029535864979,0.6705202312138728,0.82679971489665,0.8237241132531198,0.8084969580092642,60,223,5,232,0.7879858657243817,0.02109704641350211
linear_svm,0.28,0.5653846153846154,0.5121412803532008,0.9789029535864979,0.672463768115942,0.8279800142755175,0.8237241132531198,0.8084969580092642,62,221,5,232,0.7809187279151943,0.02109704641350211
linear_svm,0.29,0.5653846153846154,0.5121412803532008,0.9789029535864979,0.672463768115942,0.8279800142755175,0.8237241132531198,0.8084969580092642,62,221,5,232,0.7809187279151943,0.02109704641350211
linear_svm,0.3,0.5711538461538461,0.5155555555555555,0.9789029535864979,0.6754002911208151,0.8297567954220315,0.8237241132531198,0.8084969580092642,65,218,5,232,0.7703180212014135,0.02109704641350211
linear_svm,0.31,0.5769230769230769,0.5190156599552572,0.9789029535864979,0.6783625730994152,0.8315412186379928,0.8237241132531198,0.8084969580092642,68,215,5,232,0.7597173144876325,0.02109704641350211
linear_svm,0.32,0.5846153846153846,0.5237020316027088,0.9789029535864979,0.6823529411764706,0.8339324227174695,0.8237241132531198,0.8084969580092642,72,211,5,232,0.7455830388692579,0.02109704641350211
linear_svm,0.33,0.5865384615384616,0.5248868778280543,0.9789029535864979,0.6833578792341679,0.8345323741007195,0.8237241132531198,0.8084969580092642,73,210,5,232,0.7420494699646644,0.02109704641350211
linear_svm,0.34,0.5903846153846154,0.5272727272727272,0.9789029535864979,0.6853766617429837,0.8357348703170029,0.8237241132531198,0.8084969580092642,75,208,5,232,0.734982332155477,0.02109704641350211
linear_svm,0.35,0.5961538461538461,0.5308924485125858,0.9789029535864979,0.6884272997032641,0.8375451263537906,0.8237241132531198,0.8084969580092642,78,205,5,232,0.7243816254416962,0.02109704641350211
linear_svm,0.36,0.5980769230769231,0.5321100917431193,0.9789029535864979,0.6894502228826151,0.838150289017341,0.8237241132531198,0.8084969580092642,79,204,5,232,0.7208480565371025,0.02109704641350211
linear_svm,0.37,0.6,0.5334872979214781,0.9746835443037974,0.6895522388059702,0.836350470673425,0.8237241132531198,0.8084969580092642,81,202,6,231,0.7137809187279152,0.02531645569620253
linear_svm,0.38,0.6,0.5336426914153132,0.9704641350210971,0.688622754491018,0.8339376359680928,0.8237241132531198,0.8084969580092642,82,201,7,230,0.7102473498233216,0.029535864978902954
linear_svm,0.39,0.6038461538461538,0.5361305361305362,0.9704641350210971,0.6906906906906907,0.8351488743645606,0.8237241132531198,0.8084969580092642,84,199,7,230,0.7031802120141343,0.029535864978902954
linear_svm,0.4,0.6076923076923076,0.5386416861826698,0.9704641350210971,0.6927710843373494,0.8363636363636363,0.8237241132531198,0.8084969580092642,86,197,7,230,0.696113074204947,0.029535864978902954
linear_svm,0.41,0.6115384615384616,0.5411764705882353,0.9704641350210971,0.6948640483383686,0.8375819373634378,0.8237241132531198,0.8084969580092642,88,195,7,230,0.6890459363957597,0.029535864978902954
linear_svm,0.42,0.6134615384615385,0.542654028436019,0.9662447257383966,0.6949924127465857,0.8357664233576643,0.8237241132531198,0.8084969580092642,90,193,8,229,0.6819787985865724,0.03375527426160337
linear_svm,0.43,0.6173076923076923,0.5452380952380952,0.9662447257383966,0.6971080669710806,0.8369883040935673,0.8237241132531198,0.8084969580092642,92,191,8,229,0.6749116607773852,0.03375527426160337
linear_svm,0.44,0.6173076923076923,0.5452380952380952,0.9662447257383966,0.6971080669710806,0.8369883040935673,0.8237241132531198,0.8084969580092642,92,191,8,229,0.6749116607773852,0.03375527426160337
linear_svm,0.45,0.6153846153846154,0.5441527446300716,0.9620253164556962,0.6951219512195121,0.8339429407461595,0.8237241132531198,0.8084969580092642,92,191,9,228,0.6749116607773852,0.0379746835443038
linear_svm,0.46,0.6192307692307693,0.5467625899280576,0.9620253164556962,0.6972477064220184,0.8351648351648352,0.8237241132531198,0.8084969580092642,94,189,9,228,0.6678445229681979,0.0379746835443038
linear_svm,0.47,0.6192307692307693,0.5469879518072289,0.9578059071729957,0.696319018404908,0.8327219369038885,0.8237241132531198,0.8084969580092642,95,188,10,227,0.6643109540636042,0.04219409282700422
linear_svm,0.48,0.6230769230769231,0.549636803874092,0.9578059071729957,0.6984615384615385,0.8339456282145481,0.8237241132531198,0.8084969580092642,97,186,10,227,0.657243816254417,0.04219409282700422
linear_svm,0.49,0.6269230769230769,0.5523114355231143,0.9578059071729957,0.7006172839506173,0.8351729212656365,0.8237241132531198,0.8084969580092642,99,184,10,227,0.6501766784452296,0.04219409282700422
linear_svm,0.5,0.6307692307692307,0.5550122249388753,0.9578059071729957,0.7027863777089783,0.8364038319823139,0.8237241132531198,0.8084969580092642,101,182,10,227,0.6431095406360424,0.04219409282700422
linear_svm,0.51,0.6365384615384615,0.5591133004926109,0.9578059071729957,0.7060653188180405,0.8382570162481536,0.8237241132531198,0.8084969580092642,104,179,10,227,0.6325088339222615,0.04219409282700422
linear_svm,0.52,0.6384615384615384,0.5607940446650124,0.9535864978902954,0.70625,0.8364174685418209,0.8237241132531198,0.8084969580092642,106,177,11,226,0.6254416961130742,0.046413502109704644
linear_svm,0.53,0.6384615384615384,0.5607940446650124,0.9535864978902954,0.70625,0.8364174685418209,0.8237241132531198,0.8084969580092642,106,177,11,226,0.6254416961130742,0.046413502109704644
linear_svm,0.54,0.6423076923076924,0.5635910224438903,0.9535864978902954,0.7084639498432602,0.83765752409192,0.8237241132531198,0.8084969580092642,108,175,11,226,0.6183745583038869,0.046413502109704644
linear_svm,0.55,0.6423076923076924,0.5635910224438903,0.9535864978902954,0.7084639498432602,0.83765752409192,0.8237241132531198,0.8084969580092642,108,175,11,226,0.6183745583038869,0.046413502109704644
linear_svm,0.56,0.6423076923076924,0.5635910224438903,0.9535864978902954,0.7084639498432602,0.83765752409192,0.8237241132531198,0.8084969580092642,108,175,11,226,0.6183745583038869,0.046413502109704644
linear_svm,0.57,0.6403846153846153,0.5625,0.9493670886075949,0.706436420722135,0.8345697329376854,0.8237241132531198,0.8084969580092642,108,175,12,225,0.6183745583038869,0.05063291139240506
linear_svm,0.58,0.6461538461538462,0.5670886075949367,0.9451476793248945,0.7088607594936709,0.8339538346984363,0.8237241132531198,0.8084969580092642,112,171,13,224,0.6042402826855123,0.05485232067510549
linear_svm,0.59,0.65,0.5699745547073791,0.9451476793248945,0.7111111111111111,0.8351976137211037,0.8237241132531198,0.8084969580092642,114,169,13,224,0.5971731448763251,0.05485232067510549
linear_svm,0.6,0.6596153846153846,0.5773195876288659,0.9451476793248945,0.7168,0.8383233532934131,0.8237241132531198,0.8084969580092642,119,164,13,224,0.5795053003533569,0.05485232067510549
linear_svm,0.61,0.6615384615384615,0.5792207792207792,0.9409282700421941,0.7170418006430869,0.8364591147786947,0.8237241132531198,0.8084969580092642,121,162,14,223,0.5724381625441696,0.05907172995780591
linear_svm,0.62,0.6634615384615384,0.5815789473684211,0.9324894514767933,0.7163695299837926,0.8320783132530121,0.8237241132531198,0.8084969580092642,124,159,16,221,0.5618374558303887,0.06751054852320675
linear_svm,0.63,0.6634615384615384,0.5828877005347594,0.919831223628692,0.7135842880523732,0.8245083207261724,0.8237241132531198,0.8084969580092642,127,156,19,218,0.5512367491166078,0.08016877637130802
linear_svm,0.64,0.6711538461538461,0.5896739130434783,0.9156118143459916,0.7173553719008264,0.824468085106383,0.8237241132531198,0.8084969580092642,132,151,20,217,0.5335689045936396,0.08438818565400844
linear_svm,0.65,0.6730769230769231,0.5922865013774105,0.9071729957805907,0.7166666666666667,0.8199847444698704,0.8237241132531198,0.8084969580092642,135,148,22,215,0.5229681978798587,0.09282700421940929
linear_svm,0.66,0.6730769230769231,0.592797783933518,0.9029535864978903,0.7157190635451505,0.8174178762414056,0.8237241132531198,0.8084969580092642,136,147,23,214,0.519434628975265,0.0970464135021097
linear_svm,0.67,0.6807692307692308,0.5994397759103641,0.9029535864978903,0.7205387205387206,0.8199233716475096,0.8237241132531198,0.8084969580092642,140,143,23,214,0.5053003533568905,0.0970464135021097
linear_svm,0.68,0.6826923076923077,0.6016949152542372,0.8987341772151899,0.7208121827411168,0.8179723502304147,0.8237241132531198,0.8084969580092642,142,141,24,213,0.49823321554770317,0.10126582278481013
linear_svm,0.69,0.6884615384615385,0.6080691642651297,0.890295358649789,0.7226027397260274,0.8146718146718147,0.8237241132531198,0.8084969580092642,147,136,26,211,0.48056537102473496,0.10970464135021098
linear_svm,0.7,0.6884615384615385,0.60932944606414,0.8818565400843882,0.7206896551724138,0.8094500387296669,0.8237241132531198,0.8084969580092642,149,134,28,209,0.4734982332155477,0.11814345991561181
linear_svm,0.71,0.6923076923076923,0.6129032258064516,0.8818565400843882,0.7231833910034602,0.8107059736229635,0.8237241132531198,0.8084969580092642,151,132,28,209,0.4664310954063604,0.11814345991561181
linear_svm,0.72,0.698076923076923,0.6190476190476191,0.8776371308016878,0.7260034904013961,0.8099688473520249,0.8237241132531198,0.8084969580092642,155,128,29,208,0.45229681978798586,0.12236286919831224
linear_svm,0.73,0.7057692307692308,0.6288343558282209,0.8649789029535865,0.7282415630550622,0.804552590266876,0.8237241132531198,0.8084969580092642,162,121,32,205,0.4275618374558304,0.1350210970464135
linear_svm,0.74,0.7134615384615385,0.6383647798742138,0.8565400843881856,0.7315315315315315,0.80173775671406,0.8237241132531198,0.8084969580092642,168,115,34,203,0.40636042402826855,0.14345991561181434
linear_svm,0.75,0.7192307692307692,0.6463022508038585,0.8481012658227848,0.7335766423357665,0.7982525814138205,0.8237241132531198,0.8084969580092642,173,110,36,201,0.38869257950530034,0.1518987341772152
linear_svm,0.76,0.7192307692307692,0.6482084690553745,0.8396624472573839,0.7316176470588235,0.7928286852589641,0.8237241132531198,0.8084969580092642,175,108,38,199,0.38162544169611307,0.16033755274261605
linear_svm,0.77,0.7192307692307692,0.6511627906976745,0.8270042194092827,0.7286245353159851,0.7846277021617294,0.8237241132531198,0.8084969580092642,178,105,41,196,0.3710247349823322,0.1729957805907173
linear_svm,0.78,0.7288461538461538,0.6621621621621622,0.8270042194092827,0.7354596622889306,0.7877813504823151,0.8237241132531198,0.8084969580092642,183,100,41,196,0.35335689045936397,0.1729957805907173
linear_svm,0.79,0.7288461538461538,0.6632653061224489,0.8227848101265823,0.7344632768361582,0.785024154589372,0.8237241132531198,0.8084969580092642,184,99,42,195,0.3498233215547703,0.17721518987341772
linear_svm,0.8,0.7384615384615385,0.6759581881533101,0.8185654008438819,0.7404580152671756,0.7854251012145749,0.8237241132531198,0.8084969580092642,190,93,43,194,0.3286219081272085,0.18143459915611815
linear_svm,0.81,0.7403846153846154,0.6795774647887324,0.8143459915611815,0.7408829174664108,0.7832792207792207,0.8237241132531198,0.8084969580092642,192,91,44,193,0.3215547703180212,0.18565400843881857
linear_svm,0.82,0.7384615384615385,0.6836363636363636,0.7932489451476793,0.734375,0.7686017988552739,0.8237241132531198,0.8084969580092642,196,87,49,188,0.30742049469964666,0.20675105485232068
linear_svm,0.83,0.7403846153846154,0.6946564885496184,0.7679324894514767,0.7294589178356713,0.7520661157024794,0.8237241132531198,0.8084969580092642,203,80,55,182,0.2826855123674912,0.2320675105485232
linear_svm,0.84,0.7346153846153847,0.6956521739130435,0.7426160337552743,0.7183673469387755,0.7327227310574521,0.8237241132531198,0.8084969580092642,206,77,61,176,0.27208480565371024,0.25738396624472576
linear_svm,0.85,0.7365384615384616,0.7032520325203252,0.729957805907173,0.7163561076604554,0.7244556113902848,0.8237241132531198,0.8084969580092642,210,73,64,173,0.2579505300353357,0.270042194092827
linear_svm,0.86,0.7403846153846154,0.7107438016528925,0.7257383966244726,0.7181628392484343,0.7226890756302521,0.8237241132531198,0.8084969580092642,213,70,65,172,0.24734982332155478,0.2742616033755274
linear_svm,0.87,0.7423076923076923,0.7136929460580913,0.7257383966244726,0.7196652719665272,0.7232968881412952,0.8237241132531198,0.8084969580092642,214,69,65,172,0.24381625441696114,0.2742616033755274
linear_svm,0.88,0.7423076923076923,0.7172995780590717,0.7172995780590717,0.7172995780590717,0.7172995780590717,0.8237241132531198,0.8084969580092642,216,67,67,170,0.23674911660777384,0.28270042194092826
linear_svm,0.89,0.7403846153846154,0.7217391304347827,0.70042194092827,0.7109207708779444,0.7045840407470289,0.8237241132531198,0.8084969580092642,219,64,71,166,0.22614840989399293,0.29957805907172996
linear_svm,0.9,0.7442307692307693,0.7385321100917431,0.679324894514768,0.7076923076923077,0.6903945111492281,0.8237241132531198,0.8084969580092642,226,57,76,161,0.20141342756183744,0.3206751054852321
linear_svm,0.91,0.7461538461538462,0.7536231884057971,0.6582278481012658,0.7027027027027027,0.6753246753246753,0.8237241132531198,0.8084969580092642,232,51,81,156,0.18021201413427562,0.34177215189873417
linear_svm,0.92,0.7461538461538462,0.7692307692307693,0.6329113924050633,0.6944444444444444,0.6561679790026247,0.8237241132531198,0.8084969580092642,238,45,87,150,0.15901060070671377,0.3670886075949367
linear_svm,0.93,0.7269230769230769,0.7653631284916201,0.5780590717299579,0.6586538461538461,0.6078083407275954,0.8237241132531198,0.8084969580092642,241,42,100,137,0.14840989399293286,0.4219409282700422
linear_svm,0.94,0.7153846153846154,0.7696969696969697,0.5358649789029536,0.6318407960199005,0.5705300988319856,0.8237241132531198,0.8084969580092642,245,38,110,127,0.13427561837455831,0.4641350210970464
linear_svm,0.95,0.7038461538461539,0.7902097902097902,0.4767932489451477,0.5947368421052631,0.5178735105407882,0.8237241132531198,0.8084969580092642,253,30,124,113,0.10600706713780919,0.5232067510548524
random_forest,0.05,0.47884615384615387,0.46653543307086615,1.0,0.636241610738255,0.8138736263736264,0.7967825140522728,0.7615423203814053,12,271,0,237,0.9575971731448764,0.0
random_forest,0.06,0.47884615384615387,0.46653543307086615,1.0,0.636241610738255,0.8138736263736264,0.7967825140522728,0.7615423203814053,12,271,0,237,0.9575971731448764,0.0
random_forest,0.07,0.47884615384615387,0.46653543307086615,1.0,0.636241610738255,0.8138736263736264,0.7967825140522728,0.7615423203814053,12,271,0,237,0.9575971731448764,0.0
random_forest,0.08,0.47884615384615387,0.46653543307086615,1.0,0.636241610738255,0.8138736263736264,0.7967825140522728,0.7615423203814053,12,271,0,237,0.9575971731448764,0.0
random_forest,0.09,0.47884615384615387,0.46653543307086615,1.0,0.636241610738255,0.8138736263736264,0.7967825140522728,0.7615423203814053,12,271,0,237,0.9575971731448764,0.0
random_forest,0.1,0.4826923076923077,0.4683794466403162,1.0,0.6379542395693136,0.8149931224209078,0.7967825140522728,0.7615423203814053,14,269,0,237,0.950530035335689,0.0
random_forest,0.11,0.4826923076923077,0.4683794466403162,1.0,0.6379542395693136,0.8149931224209078,0.7967825140522728,0.7615423203814053,14,269,0,237,0.950530035335689,0.0
random_forest,0.12,0.49038461538461536,0.4721115537848606,1.0,0.6414073071718539,0.8172413793103448,0.7967825140522728,0.7615423203814053,18,265,0,237,0.9363957597173145,0.0
random_forest,0.13,0.49038461538461536,0.4721115537848606,1.0,0.6414073071718539,0.8172413793103448,0.7967825140522728,0.7615423203814053,18,265,0,237,0.9363957597173145,0.0
random_forest,0.14,0.49038461538461536,0.4721115537848606,1.0,0.6414073071718539,0.8172413793103448,0.7967825140522728,0.7615423203814053,18,265,0,237,0.9363957597173145,0.0
random_forest,0.15,0.49230769230769234,0.47305389221556887,1.0,0.6422764227642277,0.8178053830227743,0.7967825140522728,0.7615423203814053,19,264,0,237,0.9328621908127208,0.0
random_forest,0.16,0.49423076923076925,0.474,1.0,0.6431478968792401,0.8183701657458563,0.7967825140522728,0.7615423203814053,20,263,0,237,0.9293286219081273,0.0
random_forest,0.17,0.4980769230769231,0.4759036144578313,1.0,0.6448979591836734,0.8195020746887967,0.7967825140522728,0.7615423203814053,22,261,0,237,0.9222614840989399,0.0
random_forest,0.18,0.5,0.4768611670020121,1.0,0.6457765667574932,0.8200692041522492,0.7967825140522728,0.7615423203814053,23,260,0,237,0.9187279151943463,0.0
random_forest,0.19,0.5,0.4768611670020121,1.0,0.6457765667574932,0.8200692041522492,0.7967825140522728,0.7615423203814053,23,260,0,237,0.9187279151943463,0.0
random_forest,0.2,0.5038461538461538,0.47878787878787876,1.0,0.6475409836065574,0.8212058212058212,0.7967825140522728,0.7615423203814053,25,258,0,237,0.911660777385159,0.0
random_forest,0.21,0.5076923076923077,0.48073022312373226,1.0,0.6493150684931507,0.8223455933379598,0.7967825140522728,0.7615423203814053,27,256,0,237,0.9045936395759717,0.0
random_forest,0.22,0.5134615384615384,0.48367346938775513,1.0,0.6519944979367263,0.8240611961057024,0.7967825140522728,0.7615423203814053,30,253,0,237,0.8939929328621908,0.0
random_forest,0.23,0.5153846153846153,0.48459958932238195,0.9957805907172996,0.6519337016574586,0.8222996515679443,0.7967825140522728,0.7615423203814053,32,251,1,236,0.8869257950530035,0.004219409282700422
random_forest,0.24,0.5173076923076924,0.48559670781893005,0.9957805907172996,0.65283540802213,0.8228730822873083,0.7967825140522728,0.7615423203814053,33,250,1,236,0.8833922261484098,0.004219409282700422
random_forest,0.25,0.5211538461538462,0.48760330578512395,0.9957805907172996,0.6546463245492372,0.8240223463687151,0.7967825140522728,0.7615423203814053,35,248,1,236,0.8763250883392226,0.004219409282700422
random_forest,0.26,0.5269230769230769,0.49064449064449067,0.9957805907172996,0.6573816155988857,0.8257522743177047,0.7967825140522728,0.7615423203814053,38,245,1,236,0.8657243816254417,0.004219409282700422
random_forest,0.27,0.5307692307692308,0.49269311064718163,0.9957805907172996,0.659217877094972,0.8269096005606167,0.7967825140522728,0.7615423203814053,40,243,1,236,0.8586572438162544,0.004219409282700422
random_forest,0.28,0.5326923076923077,0.49372384937238495,0.9957805907172996,0.6601398601398601,0.8274894810659187,0.7967825140522728,0.7615423203814053,41,242,1,236,0.8551236749116607,0.004219409282700422
random_forest,0.29,0.5403846153846154,0.4978902953586498,0.9957805907172996,0.6638537271448663,0.829817158931083,0.7967825140522728,0.7615423203814053,45,238,1,236,0.8409893992932862,0.004219409282700422
random_forest,0.3,0.5423076923076923,0.4989429175475687,0.9957805907172996,0.6647887323943662,0.8304011259676284,0.7967825140522728,0.7615423203814053,46,237,1,236,0.8374558303886925,0.004219409282700422
random_forest,0.31,0.5461538461538461,0.5010615711252654,0.9957805907172996,0.6666666666666666,0.8315715292459479,0.7967825140522728,0.7615423203814053,48,235,1,236,0.8303886925795053,0.004219409282700422
random_forest,0.32,0.5480769230769231,0.502127659574468,0.9957805907172996,0.6676096181046676,0.8321579689703809,0.7967825140522728,0.7615423203814053,49,234,1,236,0.8268551236749117,0.004219409282700422
random_forest,0.33,0.551923076923077,0.5042735042735043,0.9957805907172996,0.6695035460992907,0.8333333333333334,0.7967825140522728,0.7615423203814053,51,232,1,236,0.8197879858657244,0.004219409282700422
random_forest,0.34,0.5557692307692308,0.5064377682403434,0.9957805907172996,0.6714082503556188,0.8345120226308345,0.7967825140522728,0.7615423203814053,53,230,1,236,0.8127208480565371,0.004219409282700422
random_forest,0.35,0.5596153846153846,0.5086206896551724,0.9957805907172996,0.6733238231098431,0.8356940509915014,0.7967825140522728,0.7615423203814053,55,228,1,236,0.8056537102473498,0.004219409282700422
random_forest,0.36,0.5634615384615385,0.5108225108225108,0.9957805907172996,0.6752503576537912,0.8368794326241135,0.7967825140522728,0.7615423203814053,57,226,1,236,0.7985865724381626,0.004219409282700422
random_forest,0.37,0.5673076923076923,0.5130434782608696,0.9957805907172996,0.6771879483500718,0.8380681818181818,0.7967825140522728,0.7615423203814053,59,224,1,236,0.7915194346289752,0.004219409282700422
random_forest,0.38,0.5692307692307692,0.514161220043573,0.9957805907172996,0.6781609195402298,0.8386638237384506,0.7967825140522728,0.7615423203814053,60,223,1,236,0.7879858657243817,0.004219409282700422
random_forest,0.39,0.5711538461538461,0.5153508771929824,0.9915611814345991,0.6782106782106783,0.8368945868945868,0.7967825140522728,0.7615423203814053,62,221,2,235,0.7809187279151943,0.008438818565400843
random_forest,0.4,0.5711538461538461,0.5154185022026432,0.9873417721518988,0.6772793053545586,0.8345221112696148,0.7967825140522728,0.7615423203814053,63,220,3,234,0.7773851590106007,0.012658227848101266
random_forest,0.41,0.5692307692307692,0.5143487858719646,0.9831223628691983,0.6753623188405797,0.8315488936473947,0.7967825140522728,0.7615423203814053,63,220,4,233,0.7773851590106007,0.016877637130801686
random_forest,0.42,0.575,0.5177777777777778,0.9831223628691983,0.6783114992721979,0.8333333333333334,0.7967825140522728,0.7615423203814053,66,217,4,233,0.7667844522968198,0.016877637130801686
random_forest,0.43,0.5769230769230769,0.5189309576837416,0.9831223628691983,0.6793002915451894,0.8339298496778812,0.7967825140522728,0.7615423203814053,67,216,4,233,0.7632508833922261,0.016877637130801686
random_forest,0.44,0.5769230769230769,0.5189309576837416,0.9831223628691983,0.6793002915451894,0.8339298496778812,0.7967825140522728,0.7615423203814053,67,216,4,233,0.7632508833922261,0.016877637130801686
random_forest,0.45,0.5865384615384616,0.5247747747747747,0.9831223628691983,0.684287812041116,0.8369252873563219,0.7967825140522728,0.7615423203814053,72,211,4,233,0.7455830388692579,0.016877637130801686
random_forest,0.46,0.5884615384615385,0.5259593679458239,0.9831223628691983,0.6852941176470588,0.8375269590222861,0.7967825140522728,0.7615423203814053,73,210,4,233,0.7420494699646644,0.016877637130801686
random_forest,0.47,0.5923076923076923,0.528344671201814,0.9831223628691983,0.6873156342182891,0.8387329013678906,0.7967825140522728,0.7615423203814053,75,208,4,233,0.734982332155477,0.016877637130801686
random_forest,0.48,0.5980769230769231,0.5319634703196348,0.9831223628691983,0.6903703703703704,0.8405483405483406,0.7967825140522728,0.7615423203814053,78,205,4,233,0.7243816254416962,0.016877637130801686
random_forest,0.49,0.6,0.5331807780320366,0.9831223628691983,0.6913946587537092,0.8411552346570397,0.7967825140522728,0.7615423203814053,79,204,4,233,0.7208480565371025,0.016877637130801686
random_forest,0.5,0.6038461538461538,0.535632183908046,0.9831223628691983,0.6934523809523809,0.8423716558206796,0.7967825140522728,0.7615423203814053,81,202,4,233,0.7137809187279152,0.016877637130801686
random_forest,0.51,0.6038461538461538,0.5359628770301624,0.9746835443037974,0.6916167664670658,0.8375634517766497,0.7967825140522728,0.7615423203814053,83,200,6,231,0.7067137809187279,0.02531645569620253
random_forest,0.52,0.6096153846153847,0.5397196261682243,0.9746835443037974,0.6947368421052632,0.8393895348837209,0.7967825140522728,0.7615423203814053,86,197,6,231,0.696113074204947,0.02531645569620253
random_forest,0.53,0.6153846153846154,0.5437352245862884,0.9704641350210971,0.696969696969697,0.8388037928519329,0.7967825140522728,0.7615423203814053,90,193,7,230,0.6819787985865724,0.029535864978902954
random_forest,0.54,0.6173076923076923,0.5454545454545454,0.9620253164556962,0.6961832061068702,0.8345534407027818,0.7967825140522728,0.7615423203814053,93,190,9,228,0.6713780918727915,0.0379746835443038
random_forest,0.55,0.6230769230769231,0.5493975903614458,0.9620253164556962,0.6993865030674846,0.8363903154805576,0.7967825140522728,0.7615423203814053,96,187,9,228,0.6607773851590106,0.0379746835443038
random_forest,0.56,0.6269230769230769,0.5520581113801453,0.9620253164556962,0.7015384615384616,0.8376193975018369,0.7967825140522728,0.7615423203814053,98,185,9,228,0.6537102473498233,0.0379746835443038
random_forest,0.57,0.6288461538461538,0.5536585365853659,0.9578059071729957,0.7017001545595054,0.8357879234167894,0.7967825140522728,0.7615423203814053,100,183,10,227,0.6466431095406361,0.04219409282700422
random_forest,0.58,0.6346153846153846,0.5577395577395577,0.9578059071729957,0.7049689440993789,0.8376383763837638,0.7967825140522728,0.7615423203814053,103,180,10,227,0.6360424028268551,0.04219409282700422
random_forest,0.59,0.6384615384615384,0.5607940446650124,0.9535864978902954,0.70625,0.8364174685418209,0.7967825140522728,0.7615423203814053,106,177,11,226,0.6254416961130742,0.046413502109704644
random_forest,0.6,0.6461538461538462,0.5664160401002506,0.9535864978902954,0.710691823899371,0.8389012620638456,0.7967825140522728,0.7615423203814053,110,173,11,226,0.6113074204946997,0.046413502109704644
random_forest,0.61,0.65,0.5692695214105793,0.9535864978902954,0.7129337539432177,0.8401486988847584,0.7967825140522728,0.7615423203814053,112,171,11,226,0.6042402826855123,0.046413502109704644
random_forest,0.62,0.6557692307692308,0.5736040609137056,0.9535864978902954,0.716323296354992,0.842026825633383,0.7967825140522728,0.7615423203814053,115,168,11,226,0.5936395759717314,0.046413502109704644
random_forest,0.63,0.6519230769230769,0.5714285714285714,0.9451476793248945,0.712241653418124,0.835820895522388,0.7967825140522728,0.7615423203814053,115,168,13,224,0.5936395759717314,0.05485232067510549
random_forest,0.64,0.65,0.5710594315245479,0.9324894514767933,0.7083333333333334,0.8277153558052435,0.7967825140522728,0.7615423203814053,117,166,16,221,0.5865724381625441,0.06751054852320675
random_forest,0.65,0.6576923076923077,0.577023498694517,0.9324894514767933,0.7129032258064516,0.8302028549962435,0.7967825140522728,0.7615423203814053,121,162,16,221,0.5724381625441696,0.06751054852320675
random_forest,0.66,0.6519230769230769,0.5740740740740741,0.9156118143459916,0.7056910569105691,0.8182503770739065,0.7967825140522728,0.7615423203814053,122,161,20,217,0.568904593639576,0.08438818565400844
random_forest,0.67,0.6538461538461539,0.5764075067024129,0.9071729957805907,0.7049180327868853,0.813777441332324,0.7967825140522728,0.7615423203814053,125,158,22,215,0.558303886925795,0.09282700421940929
random_forest,0.68,0.6557692307692308,0.5788043478260869,0.8987341772151899,0.7041322314049587,0.8092705167173252,0.7967825140522728,0.7615423203814053,128,155,24,213,0.5477031802120141,0.10126582278481013
random_forest,0.69,0.6596153846153846,0.5824175824175825,0.8945147679324894,0.7054908485856906,0.8079268292682927,0.7967825140522728,0.7615423203814053,131,152,25,212,0.5371024734982333,0.10548523206751055
random_forest,0.7,0.6596153846153846,0.5828729281767956,0.890295358649789,0.7045075125208681,0.8053435114503816,0.7967825140522728,0.7615423203814053,132,151,26,211,0.5335689045936396,0.10970464135021098
random_forest,0.71,0.6634615384615384,0.5861111111111111,0.890295358649789,0.7068676716917923,0.8065749235474006,0.7967825140522728,0.7615423203814053,134,149,26,211,0.5265017667844523,0.10970464135021098
random_forest,0.72,0.6576923076923077,0.584045584045584,0.8649789029535865,0.6972789115646258,0.7890685142417244,0.7967825140522728,0.7615423203814053,137,146,32,205,0.5159010600706714,0.1350210970464135
random_forest,0.73,0.6673076923076923,0.5930232558139535,0.8607594936708861,0.7022375215146299,0.7894736842105263,0.7967825140522728,0.7615423203814053,143,140,33,204,0.49469964664310956,0.13924050632911392
random_forest,0.74,0.675,0.6,0.8607594936708861,0.707105719237435,0.7919254658385093,0.7967825140522728,0.7615423203814053,147,136,33,204,0.48056537102473496,0.13924050632911392
random_forest,0.75,0.676923076923077,0.6029850746268657,0.8523206751054853,0.7062937062937062,0.7872174590802806,0.7967825140522728,0.7615423203814053,150,133,35,202,0.46996466431095407,0.14767932489451477
random_forest,0.76,0.6826923076923077,0.6118012422360248,0.8312236286919831,0.7048300536672629,0.7755905511811023,0.7967825140522728,0.7615423203814053,158,125,40,197,0.4416961130742049,0.16877637130801687
random_forest,0.77,0.6826923076923077,0.6125,0.8270042194092827,0.703770197486535,0.7728706624605678,0.7967825140522728,0.7615423203814053,159,124,41,196,0.4381625441696113,0.1729957805907173
random_forest,0.78,0.6884615384615385,0.6213592233009708,0.810126582278481,0.7032967032967034,0.7637231503579952,0.7967825140522728,0.7615423203814053,166,117,45,192,0.4134275618374558,0.189873417721519
random_forest,0.79,0.6923076923076923,0.6262295081967213,0.8059071729957806,0.7047970479704797,0.762170790103751,0.7967825140522728,0.7615423203814053,169,114,46,191,0.4028268551236749,0.1940928270042194
random_forest,0.8,0.6903846153846154,0.62751677852349,0.7890295358649789,0.6990654205607477,0.7504012841091493,0.7967825140522728,0.7615423203814053,172,111,50,187,0.392226148409894,0.2109704641350211
random_forest,0.81,0.6923076923076923,0.6296296296296297,0.7890295358649789,0.700374531835206,0.751004016064257,0.7967825140522728,0.7615423203814053,173,110,50,187,0.38869257950530034,0.2109704641350211
random_forest,0.82,0.6923076923076923,0.6313993174061433,0.7805907172995781,0.6981132075471698,0.7453666398066076,0.7967825140522728,0.7615423203814053,175,108,52,185,0.38162544169611307,0.21940928270042195
random_forest,0.83,0.7,0.6411149825783972,0.7763713080168776,0.7022900763358778,0.7449392712550608,0.7967825140522728,0.7615423203814053,180,103,53,184,0.36395759717314485,0.22362869198312235
random_forest,0.84,0.7076923076923077,0.6591760299625468,0.7426160337552743,0.6984126984126984,0.7242798353909465,0.7967825140522728,0.7615423203814053,192,91,61,176,0.3215547703180212,0.25738396624472576
random_forest,0.85,0.7038461538461539,0.6614785992217899,0.7172995780590717,0.6882591093117408,0.7053941908713693,0.7967825140522728,0.7615423203814053,196,87,67,170,0.30742049469964666,0.28270042194092826
random_forest,0.86,0.7038461538461539,0.6666666666666666,0.70042194092827,0.6831275720164609,0.6934001670843776,0.7967825140522728,0.7615423203814053,200,83,71,166,0.29328621908127206,0.29957805907172996
random_forest,0.87,0.7403846153846154,0.7405660377358491,0.6624472573839663,0.6993318485523385,0.6767241379310345,0.7967825140522728,0.7615423203814053,228,55,80,157,0.19434628975265017,0.33755274261603374
random_forest,0.88,0.7211538461538461,0.7371134020618557,0.6033755274261603,0.6635730858468677,0.6260945709281961,0.7967825140522728,0.7615423203814053,232,51,94,143,0.18021201413427562,0.39662447257383965
random_forest,0.89,0.7192307692307692,0.7486338797814208,0.5780590717299579,0.6523809523809524,0.6056587091069849,0.7967825140522728,0.7615423203814053,237,46,100,137,0.1625441696113074,0.4219409282700422
random_forest,0.9,0.7096153846153846,0.7529411764705882,0.540084388185654,0.628992628992629,0.5724508050089445,0.7967825140522728,0.7615423203814053,241,42,109,128,0.14840989399293286,0.459915611814346
random_forest,0.91,0.7,0.7547169811320755,0.5063291139240507,0.6060606060606061,0.5420054200542005,0.7967825140522728,0.7615423203814053,244,39,117,120,0.13780918727915195,0.4936708860759494
random_forest,0.92,0.6846153846153846,0.7482993197278912,0.4641350210970464,0.5729166666666666,0.502283105022831,0.7967825140522728,0.7615423203814053,246,37,127,110,0.13074204946996468,0.5358649789029536
random_forest,0.93,0.6903846153846154,0.8114754098360656,0.4177215189873418,0.5515320334261838,0.46261682242990654,0.7967825140522728,0.7615423203814053,260,23,138,99,0.0812720848056537,0.5822784810126582
random_forest,0.94,0.6692307692307692,0.8155339805825242,0.35443037974683544,0.49411764705882355,0.39961941008563273,0.7967825140522728,0.7615423203814053,264,19,153,84,0.06713780918727916,0.6455696202531646
random_forest,0.95,0.6615384615384615,0.8505747126436781,0.31223628691983124,0.4567901234567901,0.357487922705314,0.7967825140522728,0.7615423203814053,270,13,163,74,0.045936395759717315,0.6877637130801688
roberta_v5_vi,0.05,0.9980769230769231,1.0,0.9957805907172996,0.9978858350951374,0.9966216216216216,1.0,1.0,283,0,1,236,0.0,0.004219409282700422
roberta_v5_vi,0.06,0.9980769230769231,1.0,0.9957805907172996,0.9978858350951374,0.9966216216216216,1.0,1.0,283,0,1,236,0.0,0.004219409282700422
roberta_v5_vi,0.07,0.9980769230769231,1.0,0.9957805907172996,0.9978858350951374,0.9966216216216216,1.0,1.0,283,0,1,236,0.0,0.004219409282700422
roberta_v5_vi,0.08,0.9980769230769231,1.0,0.9957805907172996,0.9978858350951374,0.9966216216216216,1.0,1.0,283,0,1,236,0.0,0.004219409282700422
roberta_v5_vi,0.09,0.9980769230769231,1.0,0.9957805907172996,0.9978858350951374,0.9966216216216216,1.0,1.0,283,0,1,236,0.0,0.004219409282700422
roberta_v5_vi,0.1,0.9980769230769231,1.0,0.9957805907172996,0.9978858350951374,0.9966216216216216,1.0,1.0,283,0,1,236,0.0,0.004219409282700422
roberta_v5_vi,0.11,0.9980769230769231,1.0,0.9957805907172996,0.9978858350951374,0.9966216216216216,1.0,1.0,283,0,1,236,0.0,0.004219409282700422
roberta_v5_vi,0.12,0.9980769230769231,1.0,0.9957805907172996,0.9978858350951374,0.9966216216216216,1.0,1.0,283,0,1,236,0.0,0.004219409282700422
roberta_v5_vi,0.13,0.9980769230769231,1.0,0.9957805907172996,0.9978858350951374,0.9966216216216216,1.0,1.0,283,0,1,236,0.0,0.004219409282700422
roberta_v5_vi,0.14,0.9980769230769231,1.0,0.9957805907172996,0.9978858350951374,0.9966216216216216,1.0,1.0,283,0,1,236,0.0,0.004219409282700422
roberta_v5_vi,0.15,0.9980769230769231,1.0,0.9957805907172996,0.9978858350951374,0.9966216216216216,1.0,1.0,283,0,1,236,0.0,0.004219409282700422
roberta_v5_vi,0.16,0.9980769230769231,1.0,0.9957805907172996,0.9978858350951374,0.9966216216216216,1.0,1.0,283,0,1,236,0.0,0.004219409282700422
roberta_v5_vi,0.17,0.9980769230769231,1.0,0.9957805907172996,0.9978858350951374,0.9966216216216216,1.0,1.0,283,0,1,236,0.0,0.004219409282700422
roberta_v5_vi,0.18,0.9980769230769231,1.0,0.9957805907172996,0.9978858350951374,0.9966216216216216,1.0,1.0,283,0,1,236,0.0,0.004219409282700422
roberta_v5_vi,0.19,0.9980769230769231,1.0,0.9957805907172996,0.9978858350951374,0.9966216216216216,1.0,1.0,283,0,1,236,0.0,0.004219409282700422
roberta_v5_vi,0.2,0.9980769230769231,1.0,0.9957805907172996,0.9978858350951374,0.9966216216216216,1.0,1.0,283,0,1,236,0.0,0.004219409282700422
roberta_v5_vi,0.21,0.9980769230769231,1.0,0.9957805907172996,0.9978858350951374,0.9966216216216216,1.0,1.0,283,0,1,236,0.0,0.004219409282700422
roberta_v5_vi,0.22,0.9980769230769231,1.0,0.9957805907172996,0.9978858350951374,0.9966216216216216,1.0,1.0,283,0,1,236,0.0,0.004219409282700422
roberta_v5_vi,0.23,0.9980769230769231,1.0,0.9957805907172996,0.9978858350951374,0.9966216216216216,1.0,1.0,283,0,1,236,0.0,0.004219409282700422
roberta_v5_vi,0.24,0.9980769230769231,1.0,0.9957805907172996,0.9978858350951374,0.9966216216216216,1.0,1.0,283,0,1,236,0.0,0.004219409282700422
roberta_v5_vi,0.25,0.9980769230769231,1.0,0.9957805907172996,0.9978858350951374,0.9966216216216216,1.0,1.0,283,0,1,236,0.0,0.004219409282700422
roberta_v5_vi,0.26,0.9980769230769231,1.0,0.9957805907172996,0.9978858350951374,0.9966216216216216,1.0,1.0,283,0,1,236,0.0,0.004219409282700422
roberta_v5_vi,0.27,0.9980769230769231,1.0,0.9957805907172996,0.9978858350951374,0.9966216216216216,1.0,1.0,283,0,1,236,0.0,0.004219409282700422
roberta_v5_vi,0.28,0.9980769230769231,1.0,0.9957805907172996,0.9978858350951374,0.9966216216216216,1.0,1.0,283,0,1,236,0.0,0.004219409282700422
roberta_v5_vi,0.29,0.9980769230769231,1.0,0.9957805907172996,0.9978858350951374,0.9966216216216216,1.0,1.0,283,0,1,236,0.0,0.004219409282700422
roberta_v5_vi,0.3,0.9980769230769231,1.0,0.9957805907172996,0.9978858350951374,0.9966216216216216,1.0,1.0,283,0,1,236,0.0,0.004219409282700422
roberta_v5_vi,0.31,0.9980769230769231,1.0,0.9957805907172996,0.9978858350951374,0.9966216216216216,1.0,1.0,283,0,1,236,0.0,0.004219409282700422
roberta_v5_vi,0.32,0.9980769230769231,1.0,0.9957805907172996,0.9978858350951374,0.9966216216216216,1.0,1.0,283,0,1,236,0.0,0.004219409282700422
roberta_v5_vi,0.33,0.9980769230769231,1.0,0.9957805907172996,0.9978858350951374,0.9966216216216216,1.0,1.0,283,0,1,236,0.0,0.004219409282700422
roberta_v5_vi,0.34,0.9980769230769231,1.0,0.9957805907172996,0.9978858350951374,0.9966216216216216,1.0,1.0,283,0,1,236,0.0,0.004219409282700422
roberta_v5_vi,0.35,0.9980769230769231,1.0,0.9957805907172996,0.9978858350951374,0.9966216216216216,1.0,1.0,283,0,1,236,0.0,0.004219409282700422
roberta_v5_vi,0.36,0.9980769230769231,1.0,0.9957805907172996,0.9978858350951374,0.9966216216216216,1.0,1.0,283,0,1,236,0.0,0.004219409282700422
roberta_v5_vi,0.37,0.9980769230769231,1.0,0.9957805907172996,0.9978858350951374,0.9966216216216216,1.0,1.0,283,0,1,236,0.0,0.004219409282700422
roberta_v5_vi,0.38,0.9980769230769231,1.0,0.9957805907172996,0.9978858350951374,0.9966216216216216,1.0,1.0,283,0,1,236,0.0,0.004219409282700422
roberta_v5_vi,0.39,0.9980769230769231,1.0,0.9957805907172996,0.9978858350951374,0.9966216216216216,1.0,1.0,283,0,1,236,0.0,0.004219409282700422
roberta_v5_vi,0.4,0.9980769230769231,1.0,0.9957805907172996,0.9978858350951374,0.9966216216216216,1.0,1.0,283,0,1,236,0.0,0.004219409282700422
roberta_v5_vi,0.41,0.9980769230769231,1.0,0.9957805907172996,0.9978858350951374,0.9966216216216216,1.0,1.0,283,0,1,236,0.0,0.004219409282700422
roberta_v5_vi,0.42,0.9980769230769231,1.0,0.9957805907172996,0.9978858350951374,0.9966216216216216,1.0,1.0,283,0,1,236,0.0,0.004219409282700422
roberta_v5_vi,0.43,0.9980769230769231,1.0,0.9957805907172996,0.9978858350951374,0.9966216216216216,1.0,1.0,283,0,1,236,0.0,0.004219409282700422
roberta_v5_vi,0.44,0.9980769230769231,1.0,0.9957805907172996,0.9978858350951374,0.9966216216216216,1.0,1.0,283,0,1,236,0.0,0.004219409282700422
roberta_v5_vi,0.45,0.9980769230769231,1.0,0.9957805907172996,0.9978858350951374,0.9966216216216216,1.0,1.0,283,0,1,236,0.0,0.004219409282700422
roberta_v5_vi,0.46,0.9980769230769231,1.0,0.9957805907172996,0.9978858350951374,0.9966216216216216,1.0,1.0,283,0,1,236,0.0,0.004219409282700422
roberta_v5_vi,0.47,0.9980769230769231,1.0,0.9957805907172996,0.9978858350951374,0.9966216216216216,1.0,1.0,283,0,1,236,0.0,0.004219409282700422
roberta_v5_vi,0.48,0.9980769230769231,1.0,0.9957805907172996,0.9978858350951374,0.9966216216216216,1.0,1.0,283,0,1,236,0.0,0.004219409282700422
roberta_v5_vi,0.49,0.9980769230769231,1.0,0.9957805907172996,0.9978858350951374,0.9966216216216216,1.0,1.0,283,0,1,236,0.0,0.004219409282700422
roberta_v5_vi,0.5,0.9980769230769231,1.0,0.9957805907172996,0.9978858350951374,0.9966216216216216,1.0,1.0,283,0,1,236,0.0,0.004219409282700422
roberta_v5_vi,0.51,0.9980769230769231,1.0,0.9957805907172996,0.9978858350951374,0.9966216216216216,1.0,1.0,283,0,1,236,0.0,0.004219409282700422
roberta_v5_vi,0.52,0.9980769230769231,1.0,0.9957805907172996,0.9978858350951374,0.9966216216216216,1.0,1.0,283,0,1,236,0.0,0.004219409282700422
roberta_v5_vi,0.53,0.9980769230769231,1.0,0.9957805907172996,0.9978858350951374,0.9966216216216216,1.0,1.0,283,0,1,236,0.0,0.004219409282700422
roberta_v5_vi,0.54,0.9980769230769231,1.0,0.9957805907172996,0.9978858350951374,0.9966216216216216,1.0,1.0,283,0,1,236,0.0,0.004219409282700422
roberta_v5_vi,0.55,0.9980769230769231,1.0,0.9957805907172996,0.9978858350951374,0.9966216216216216,1.0,1.0,283,0,1,236,0.0,0.004219409282700422
roberta_v5_vi,0.56,0.9980769230769231,1.0,0.9957805907172996,0.9978858350951374,0.9966216216216216,1.0,1.0,283,0,1,236,0.0,0.004219409282700422
roberta_v5_vi,0.57,0.9980769230769231,1.0,0.9957805907172996,0.9978858350951374,0.9966216216216216,1.0,1.0,283,0,1,236,0.0,0.004219409282700422
roberta_v5_vi,0.58,0.9980769230769231,1.0,0.9957805907172996,0.9978858350951374,0.9966216216216216,1.0,1.0,283,0,1,236,0.0,0.004219409282700422
roberta_v5_vi,0.59,0.9980769230769231,1.0,0.9957805907172996,0.9978858350951374,0.9966216216216216,1.0,1.0,283,0,1,236,0.0,0.004219409282700422
roberta_v5_vi,0.6,0.9980769230769231,1.0,0.9957805907172996,0.9978858350951374,0.9966216216216216,1.0,1.0,283,0,1,236,0.0,0.004219409282700422
roberta_v5_vi,0.61,0.9980769230769231,1.0,0.9957805907172996,0.9978858350951374,0.9966216216216216,1.0,1.0,283,0,1,236,0.0,0.004219409282700422
roberta_v5_vi,0.62,0.9980769230769231,1.0,0.9957805907172996,0.9978858350951374,0.9966216216216216,1.0,1.0,283,0,1,236,0.0,0.004219409282700422
roberta_v5_vi,0.63,0.9980769230769231,1.0,0.9957805907172996,0.9978858350951374,0.9966216216216216,1.0,1.0,283,0,1,236,0.0,0.004219409282700422
roberta_v5_vi,0.64,0.9980769230769231,1.0,0.9957805907172996,0.9978858350951374,0.9966216216216216,1.0,1.0,283,0,1,236,0.0,0.004219409282700422
roberta_v5_vi,0.65,0.9980769230769231,1.0,0.9957805907172996,0.9978858350951374,0.9966216216216216,1.0,1.0,283,0,1,236,0.0,0.004219409282700422
roberta_v5_vi,0.66,0.9980769230769231,1.0,0.9957805907172996,0.9978858350951374,0.9966216216216216,1.0,1.0,283,0,1,236,0.0,0.004219409282700422
roberta_v5_vi,0.67,0.9980769230769231,1.0,0.9957805907172996,0.9978858350951374,0.9966216216216216,1.0,1.0,283,0,1,236,0.0,0.004219409282700422
roberta_v5_vi,0.68,0.9980769230769231,1.0,0.9957805907172996,0.9978858350951374,0.9966216216216216,1.0,1.0,283,0,1,236,0.0,0.004219409282700422
roberta_v5_vi,0.69,0.9980769230769231,1.0,0.9957805907172996,0.9978858350951374,0.9966216216216216,1.0,1.0,283,0,1,236,0.0,0.004219409282700422
roberta_v5_vi,0.7,0.9980769230769231,1.0,0.9957805907172996,0.9978858350951374,0.9966216216216216,1.0,1.0,283,0,1,236,0.0,0.004219409282700422
roberta_v5_vi,0.71,0.9980769230769231,1.0,0.9957805907172996,0.9978858350951374,0.9966216216216216,1.0,1.0,283,0,1,236,0.0,0.004219409282700422
roberta_v5_vi,0.72,0.9980769230769231,1.0,0.9957805907172996,0.9978858350951374,0.9966216216216216,1.0,1.0,283,0,1,236,0.0,0.004219409282700422
roberta_v5_vi,0.73,0.9980769230769231,1.0,0.9957805907172996,0.9978858350951374,0.9966216216216216,1.0,1.0,283,0,1,236,0.0,0.004219409282700422
roberta_v5_vi,0.74,0.9980769230769231,1.0,0.9957805907172996,0.9978858350951374,0.9966216216216216,1.0,1.0,283,0,1,236,0.0,0.004219409282700422
roberta_v5_vi,0.75,0.9980769230769231,1.0,0.9957805907172996,0.9978858350951374,0.9966216216216216,1.0,1.0,283,0,1,236,0.0,0.004219409282700422
roberta_v5_vi,0.76,0.9980769230769231,1.0,0.9957805907172996,0.9978858350951374,0.9966216216216216,1.0,1.0,283,0,1,236,0.0,0.004219409282700422
roberta_v5_vi,0.77,0.9980769230769231,1.0,0.9957805907172996,0.9978858350951374,0.9966216216216216,1.0,1.0,283,0,1,236,0.0,0.004219409282700422
roberta_v5_vi,0.78,0.9980769230769231,1.0,0.9957805907172996,0.9978858350951374,0.9966216216216216,1.0,1.0,283,0,1,236,0.0,0.004219409282700422
roberta_v5_vi,0.79,0.9980769230769231,1.0,0.9957805907172996,0.9978858350951374,0.9966216216216216,1.0,1.0,283,0,1,236,0.0,0.004219409282700422
roberta_v5_vi,0.8,0.9980769230769231,1.0,0.9957805907172996,0.9978858350951374,0.9966216216216216,1.0,1.0,283,0,1,236,0.0,0.004219409282700422
roberta_v5_vi,0.81,0.9980769230769231,1.0,0.9957805907172996,0.9978858350951374,0.9966216216216216,1.0,1.0,283,0,1,236,0.0,0.004219409282700422
roberta_v5_vi,0.82,0.9980769230769231,1.0,0.9957805907172996,0.9978858350951374,0.9966216216216216,1.0,1.0,283,0,1,236,0.0,0.004219409282700422
roberta_v5_vi,0.83,0.9980769230769231,1.0,0.9957805907172996,0.9978858350951374,0.9966216216216216,1.0,1.0,283,0,1,236,0.0,0.004219409282700422
roberta_v5_vi,0.84,0.9980769230769231,1.0,0.9957805907172996,0.9978858350951374,0.9966216216216216,1.0,1.0,283,0,1,236,0.0,0.004219409282700422
roberta_v5_vi,0.85,0.9980769230769231,1.0,0.9957805907172996,0.9978858350951374,0.9966216216216216,1.0,1.0,283,0,1,236,0.0,0.004219409282700422
roberta_v5_vi,0.86,0.9980769230769231,1.0,0.9957805907172996,0.9978858350951374,0.9966216216216216,1.0,1.0,283,0,1,236,0.0,0.004219409282700422
roberta_v5_vi,0.87,0.9980769230769231,1.0,0.9957805907172996,0.9978858350951374,0.9966216216216216,1.0,1.0,283,0,1,236,0.0,0.004219409282700422
roberta_v5_vi,0.88,0.9980769230769231,1.0,0.9957805907172996,0.9978858350951374,0.9966216216216216,1.0,1.0,283,0,1,236,0.0,0.004219409282700422
roberta_v5_vi,0.89,0.9980769230769231,1.0,0.9957805907172996,0.9978858350951374,0.9966216216216216,1.0,1.0,283,0,1,236,0.0,0.004219409282700422
roberta_v5_vi,0.9,0.9980769230769231,1.0,0.9957805907172996,0.9978858350951374,0.9966216216216216,1.0,1.0,283,0,1,236,0.0,0.004219409282700422
roberta_v5_vi,0.91,0.9980769230769231,1.0,0.9957805907172996,0.9978858350951374,0.9966216216216216,1.0,1.0,283,0,1,236,0.0,0.004219409282700422
roberta_v5_vi,0.92,0.9980769230769231,1.0,0.9957805907172996,0.9978858350951374,0.9966216216216216,1.0,1.0,283,0,1,236,0.0,0.004219409282700422
roberta_v5_vi,0.93,0.9980769230769231,1.0,0.9957805907172996,0.9978858350951374,0.9966216216216216,1.0,1.0,283,0,1,236,0.0,0.004219409282700422
roberta_v5_vi,0.94,0.9980769230769231,1.0,0.9957805907172996,0.9978858350951374,0.9966216216216216,1.0,1.0,283,0,1,236,0.0,0.004219409282700422
roberta_v5_vi,0.95,0.9980769230769231,1.0,0.9957805907172996,0.9978858350951374,0.9966216216216216,1.0,1.0,283,0,1,236,0.0,0.004219409282700422
xlm_roberta_v5_vi,0.05,0.5326923076923077,0.49372384937238495,0.9957805907172996,0.6601398601398601,0.8274894810659187,0.8678639054136661,0.8504652942583789,41,242,1,236,0.8551236749116607,0.004219409282700422
xlm_roberta_v5_vi,0.06,0.5442307692307692,0.5,0.9957805907172996,0.6657263751763046,0.8309859154929577,0.8678639054136661,0.8504652942583789,47,236,1,236,0.833922261484099,0.004219409282700422
xlm_roberta_v5_vi,0.07,0.5615384615384615,0.5098039215686274,0.9873417721518988,0.6724137931034483,0.8315565031982942,0.8678639054136661,0.8504652942583789,58,225,3,234,0.7950530035335689,0.012658227848101266
xlm_roberta_v5_vi,0.08,0.5788461538461539,0.5200892857142857,0.9831223628691983,0.6802919708029197,0.8345272206303725,0.8678639054136661,0.8504652942583789,68,215,4,233,0.7597173144876325,0.016877637130801686
xlm_roberta_v5_vi,0.09,0.5961538461538461,0.530751708428246,0.9831223628691983,0.6893491124260355,0.839942321557318,0.8678639054136661,0.8504652942583789,77,206,4,233,0.7279151943462897,0.016877637130801686
xlm_roberta_v5_vi,0.1,0.6173076923076923,0.5446009389671361,0.9789029535864979,0.6998491704374057,0.8442503639010189,0.8678639054136661,0.8504652942583789,89,194,5,232,0.6855123674911661,0.02109704641350211
xlm_roberta_v5_vi,0.11,0.6288461538461538,0.5526315789473685,0.9746835443037974,0.7053435114503817,0.8455344070278185,0.8678639054136661,0.8504652942583789,96,187,6,231,0.6607773851590106,0.02531645569620253
xlm_roberta_v5_vi,0.12,0.6423076923076924,0.5620437956204379,0.9746835443037974,0.7129629629629629,0.8498896247240618,0.8678639054136661,0.8504652942583789,103,180,6,231,0.6360424028268551,0.02531645569620253
xlm_roberta_v5_vi,0.13,0.6557692307692308,0.572139303482587,0.9704641350210971,0.7198748043818466,0.8518518518518519,0.8678639054136661,0.8504652942583789,111,172,7,230,0.607773851590106,0.029535864978902954
xlm_roberta_v5_vi,0.14,0.6615384615384615,0.5764411027568922,0.9704641350210971,0.7232704402515723,0.8537490720118782,0.8678639054136661,0.8504652942583789,114,169,7,230,0.5971731448763251,0.029535864978902954
xlm_roberta_v5_vi,0.15,0.6865384615384615,0.5958549222797928,0.9704641350210971,0.7383627608346709,0.8620689655172413,0.8678639054136661,0.8504652942583789,127,156,7,230,0.5512367491166078,0.029535864978902954
xlm_roberta_v5_vi,0.16,0.7038461538461539,0.6106666666666667,0.9662447257383966,0.7483660130718954,0.8654572940287226,0.8678639054136661,0.8504652942583789,137,146,8,229,0.5159010600706714,0.03375527426160337
xlm_roberta_v5_vi,0.17,0.7057692307692308,0.6135135135135135,0.9578059071729957,0.7479406919275123,0.8611532625189682,0.8678639054136661,0.8504652942583789,140,143,10,227,0.5053003533568905,0.04219409282700422
xlm_roberta_v5_vi,0.18,0.7134615384615385,0.6202185792349727,0.9578059071729957,0.7529021558872305,0.8637747336377474,0.8678639054136661,0.8504652942583789,144,139,10,227,0.4911660777385159,0.04219409282700422
xlm_roberta_v5_vi,0.19,0.7173076923076923,0.625,0.9493670886075949,0.7537688442211056,0.8600917431192661,0.8678639054136661,0.8504652942583789,148,135,12,225,0.47703180212014135,0.05063291139240506
xlm_roberta_v5_vi,0.2,0.7307692307692307,0.6373937677053825,0.9493670886075949,0.7627118644067796,0.8647194465795542,0.8678639054136661,0.8504652942583789,155,128,12,225,0.45229681978798586,0.05063291139240506
xlm_roberta_v5_vi,0.21,0.7346153846153847,0.6418338108882522,0.9451476793248945,0.764505119453925,0.8635312259059368,0.8678639054136661,0.8504652942583789,158,125,13,224,0.4416961130742049,0.05485232067510549
xlm_roberta_v5_vi,0.22,0.7307692307692307,0.6405797101449275,0.9324894514767933,0.7594501718213058,0.8546017014694509,0.8678639054136661,0.8504652942583789,159,124,16,221,0.4381625441696113,0.06751054852320675
xlm_roberta_v5_vi,0.23,0.7346153846153847,0.6460176991150443,0.9240506329113924,0.7604166666666666,0.8508158508158508,0.8678639054136661,0.8504652942583789,163,120,18,219,0.42402826855123676,0.0759493670886076
xlm_roberta_v5_vi,0.24,0.7326923076923076,0.6458333333333334,0.9156118143459916,0.7574171029668412,0.8450155763239875,0.8678639054136661,0.8504652942583789,164,119,20,217,0.4204946996466431,0.08438818565400844
xlm_roberta_v5_vi,0.25,0.7346153846153847,0.6486486486486487,0.9113924050632911,0.7578947368421053,0.8430913348946136,0.8678639054136661,0.8504652942583789,166,117,21,216,0.4134275618374558,0.08860759493670886
xlm_roberta_v5_vi,0.26,0.7384615384615385,0.654434250764526,0.9029535864978903,0.7588652482269503,0.8392156862745098,0.8678639054136661,0.8504652942583789,170,113,23,214,0.3992932862190813,0.0970464135021097
xlm_roberta_v5_vi,0.27,0.7442307692307693,0.6614906832298136,0.8987341772151899,0.7620751341681574,0.8385826771653543,0.8678639054136661,0.8504652942583789,174,109,24,213,0.38515901060070673,0.10126582278481013
xlm_roberta_v5_vi,0.28,0.75,0.6677115987460815,0.8987341772151899,0.7661870503597122,0.840568271507498,0.8678639054136661,0.8504652942583789,177,106,24,213,0.3745583038869258,0.10126582278481013
xlm_roberta_v5_vi,0.29,0.7538461538461538,0.6719242902208202,0.8987341772151899,0.7689530685920578,0.841897233201581,0.8678639054136661,0.8504652942583789,179,104,24,213,0.3674911660777385,0.10126582278481013
xlm_roberta_v5_vi,0.3,0.7538461538461538,0.6730158730158731,0.8945147679324894,0.7681159420289855,0.8392715756136183,0.8678639054136661,0.8504652942583789,180,103,25,212,0.36395759717314485,0.10548523206751055
xlm_roberta_v5_vi,0.31,0.7596153846153846,0.6806451612903226,0.890295358649789,0.7714808043875686,0.8386327503974563,0.8678639054136661,0.8504652942583789,184,99,26,211,0.3498233215547703,0.10970464135021098
xlm_roberta_v5_vi,0.32,0.7576923076923077,0.6807817589576547,0.8818565400843882,0.7683823529411765,0.8326693227091634,0.8678639054136661,0.8504652942583789,185,98,28,209,0.3462897526501767,0.11814345991561181
xlm_roberta_v5_vi,0.33,0.7615384615384615,0.6902356902356902,0.8649789029535865,0.7677902621722846,0.8232931726907631,0.8678639054136661,0.8504652942583789,191,92,32,205,0.3250883392226148,0.1350210970464135
xlm_roberta_v5_vi,0.34,0.7692307692307693,0.6996587030716723,0.8649789029535865,0.7735849056603774,0.8259468170829976,0.8678639054136661,0.8504652942583789,195,88,32,205,0.31095406360424027,0.1350210970464135
xlm_roberta_v5_vi,0.35,0.7692307692307693,0.7010309278350515,0.8607594936708861,0.7727272727272727,0.8232445520581114,0.8678639054136661,0.8504652942583789,196,87,33,204,0.30742049469964666,0.13924050632911392
xlm_roberta_v5_vi,0.36,0.7730769230769231,0.7073170731707317,0.8565400843881856,0.7748091603053435,0.8218623481781376,0.8678639054136661,0.8504652942583789,199,84,34,203,0.2968197879858657,0.14345991561181434
xlm_roberta_v5_vi,0.37,0.7788461538461539,0.7163120567375887,0.8523206751054853,0.7784200385356455,0.8211382113821138,0.8678639054136661,0.8504652942583789,203,80,35,202,0.2826855123674912,0.14767932489451477
xlm_roberta_v5_vi,0.38,0.7769230769230769,0.72,0.8354430379746836,0.7734375,0.8094848732624693,0.8678639054136661,0.8504652942583789,206,77,39,198,0.27208480565371024,0.16455696202531644
xlm_roberta_v5_vi,0.39,0.7769230769230769,0.7232472324723247,0.8270042194092827,0.7716535433070866,0.8039376538146021,0.8678639054136661,0.8504652942583789,208,75,41,196,0.26501766784452296,0.1729957805907173
xlm_roberta_v5_vi,0.4,0.7711538461538462,0.7218045112781954,0.810126582278481,0.7634194831013916,0.7907742998352554,0.8678639054136661,0.8504652942583789,209,74,45,192,0.26148409893992935,0.189873417721519
xlm_roberta_v5_vi,0.41,0.7788461538461539,0.7346153846153847,0.8059071729957806,0.7686116700201208,0.7905629139072847,0.8678639054136661,0.8504652942583789,214,69,46,191,0.24381625441696114,0.1940928270042194
xlm_roberta_v5_vi,0.42,0.7788461538461539,0.73828125,0.7974683544303798,0.7667342799188641,0.7848837209302325,0.8678639054136661,0.8504652942583789,216,67,48,189,0.23674911660777384,0.20253164556962025
xlm_roberta_v5_vi,0.43,0.7826923076923077,0.7440944881889764,0.7974683544303798,0.769857433808554,0.7861896838602329,0.8678639054136661,0.8504652942583789,218,65,48,189,0.22968197879858657,0.20253164556962025
xlm_roberta_v5_vi,0.44,0.7865384615384615,0.75,0.7974683544303798,0.7730061349693251,0.7875,0.8678639054136661,0.8504652942583789,220,63,48,189,0.2226148409893993,0.20253164556962025
xlm_roberta_v5_vi,0.45,0.7826923076923077,0.75,0.7848101265822784,0.7670103092783506,0.7775919732441472,0.8678639054136661,0.8504652942583789,221,62,51,186,0.21908127208480566,0.21518987341772153
xlm_roberta_v5_vi,0.46,0.7865384615384615,0.7560975609756098,0.7848101265822784,0.7701863354037267,0.7788944723618091,0.8678639054136661,0.8504652942583789,223,60,51,186,0.21201413427561838,0.21518987341772153
xlm_roberta_v5_vi,0.47,0.7865384615384615,0.7625,0.7721518987341772,0.7672955974842768,0.7702020202020202,0.8678639054136661,0.8504652942583789,226,57,54,183,0.20141342756183744,0.22784810126582278
xlm_roberta_v5_vi,0.48,0.7846153846153846,0.7615062761506276,0.7679324894514767,0.7647058823529411,0.7666385846672283,0.8678639054136661,0.8504652942583789,226,57,55,182,0.20141342756183744,0.2320675105485232
xlm_roberta_v5_vi,0.49,0.7903846153846154,0.7711864406779662,0.7679324894514767,0.7695560253699789,0.768581081081081,0.8678639054136661,0.8504652942583789,229,54,55,182,0.19081272084805653,0.2320675105485232
xlm_roberta_v5_vi,0.5,0.7903846153846154,0.7758620689655172,0.759493670886076,0.767590618336887,0.7627118644067796,0.8678639054136661,0.8504652942583789,231,52,57,180,0.18374558303886926,0.24050632911392406
xlm_roberta_v5_vi,0.51,0.7826923076923077,0.7719298245614035,0.7426160337552743,0.7569892473118279,0.7482993197278912,0.8678639054136661,0.8504652942583789,231,52,61,176,0.18374558303886926,0.25738396624472576
xlm_roberta_v5_vi,0.52,0.7788461538461539,0.7699115044247787,0.7341772151898734,0.7516198704103672,0.7410562180579217,0.8678639054136661,0.8504652942583789,231,52,63,174,0.18374558303886926,0.26582278481012656
xlm_roberta_v5_vi,0.53,0.7788461538461539,0.7772727272727272,0.7215189873417721,0.7483588621444202,0.7320205479452054,0.8678639054136661,0.8504652942583789,234,49,66,171,0.17314487632508835,0.27848101265822783
xlm_roberta_v5_vi,0.54,0.775,0.780373831775701,0.7046413502109705,0.7405764966740577,0.7185886402753873,0.8678639054136661,0.8504652942583789,236,47,70,167,0.16607773851590105,0.29535864978902954
xlm_roberta_v5_vi,0.55,0.7692307692307693,0.782608695652174,0.6835443037974683,0.7297297297297297,0.7012987012987013,0.8678639054136661,0.8504652942583789,238,45,75,162,0.15901060070671377,0.31645569620253167
xlm_roberta_v5_vi,0.56,0.7692307692307693,0.7853658536585366,0.679324894514768,0.7285067873303167,0.6981786643538594,0.8678639054136661,0.8504652942583789,239,44,76,161,0.15547703180212014,0.3206751054852321
xlm_roberta_v5_vi,0.57,0.775,0.7970297029702971,0.679324894514768,0.7334851936218679,0.7,0.8678639054136661,0.8504652942583789,242,41,76,161,0.14487632508833923,0.3206751054852321
xlm_roberta_v5_vi,0.58,0.7673076923076924,0.7929292929292929,0.6624472573839663,0.7218390804597701,0.6849912739965096,0.8678639054136661,0.8504652942583789,242,41,80,157,0.14487632508833923,0.33755274261603374
xlm_roberta_v5_vi,0.59,0.7673076923076924,0.7989690721649485,0.6540084388185654,0.7192575406032483,0.6786339754816112,0.8678639054136661,0.8504652942583789,244,39,82,155,0.13780918727915195,0.3459915611814346
xlm_roberta_v5_vi,0.6,0.7711538461538462,0.8105263157894737,0.6497890295358649,0.7213114754098361,0.6766256590509666,0.8678639054136661,0.8504652942583789,247,36,83,154,0.127208480565371,0.350210970464135
xlm_roberta_v5_vi,0.61,0.775,0.8260869565217391,0.6413502109704642,0.7220902612826603,0.6713780918727915,0.8678639054136661,0.8504652942583789,251,32,85,152,0.11307420494699646,0.35864978902953587
xlm_roberta_v5_vi,0.62,0.775,0.8370786516853933,0.6286919831223629,0.7180722891566265,0.6616341030195382,0.8678639054136661,0.8504652942583789,254,29,88,149,0.10247349823321555,0.37130801687763715
xlm_roberta_v5_vi,0.63,0.7692307692307693,0.8421052631578947,0.6075949367088608,0.7058823529411765,0.6434316353887399,0.8678639054136661,0.8504652942583789,256,27,93,144,0.09540636042402827,0.3924050632911392
xlm_roberta_v5_vi,0.64,0.7692307692307693,0.8545454545454545,0.5949367088607594,0.7014925373134329,0.633423180592992,0.8678639054136661,0.8504652942583789,259,24,96,141,0.08480565371024736,0.4050632911392405
xlm_roberta_v5_vi,0.65,0.7615384615384615,0.8509316770186336,0.5780590717299579,0.6884422110552764,0.6176735798016231,0.8678639054136661,0.8504652942583789,259,24,100,137,0.08480565371024736,0.4219409282700422
xlm_roberta_v5_vi,0.66,0.7596153846153846,0.8544303797468354,0.569620253164557,0.6835443037974683,0.6103074141048824,0.8678639054136661,0.8504652942583789,260,23,102,135,0.0812720848056537,0.43037974683544306
xlm_roberta_v5_vi,0.67,0.7596153846153846,0.8636363636363636,0.5611814345991561,0.680306905370844,0.603448275862069,0.8678639054136661,0.8504652942583789,262,21,104,133,0.07420494699646643,0.4388185654008439
xlm_roberta_v5_vi,0.68,0.7557692307692307,0.8618421052631579,0.5527426160337553,0.6735218508997429,0.5954545454545455,0.8678639054136661,0.8504652942583789,262,21,106,131,0.07420494699646643,0.4472573839662447
xlm_roberta_v5_vi,0.69,0.7480769230769231,0.8581081081081081,0.5358649789029536,0.6597402597402597,0.5793795620437956,0.8678639054136661,0.8504652942583789,262,21,110,127,0.07420494699646643,0.4641350210970464
xlm_roberta_v5_vi,0.7,0.7423076923076923,0.8601398601398601,0.5189873417721519,0.6473684210526316,0.5637030247479377,0.8678639054136661,0.8504652942583789,263,20,114,123,0.0706713780918728,0.4810126582278481
xlm_roberta_v5_vi,0.71,0.7326923076923076,0.855072463768116,0.4978902953586498,0.6293333333333333,0.5432780847145487,0.8678639054136661,0.8504652942583789,263,20,119,118,0.0706713780918728,0.5021097046413502
xlm_roberta_v5_vi,0.72,0.7269230769230769,0.8571428571428571,0.4810126582278481,0.6162162162162163,0.5272895467160037,0.8678639054136661,0.8504652942583789,264,19,123,114,0.06713780918727916,0.5189873417721519
xlm_roberta_v5_vi,0.73,0.7230769230769231,0.8549618320610687,0.47257383966244726,0.6086956521739131,0.5189990732159406,0.8678639054136661,0.8504652942583789,264,19,125,112,0.06713780918727916,0.5274261603375527
xlm_roberta_v5_vi,0.74,0.725,0.873015873015873,0.4641350210970464,0.6060606060606061,0.5121042830540037,0.8678639054136661,0.8504652942583789,267,16,127,110,0.05653710247349823,0.5358649789029536
xlm_roberta_v5_vi,0.75,0.7173076923076923,0.875,0.4430379746835443,0.5882352941176471,0.49157303370786515,0.8678639054136661,0.8504652942583789,268,15,132,105,0.053003533568904596,0.5569620253164557
xlm_roberta_v5_vi,0.76,0.7173076923076923,0.8879310344827587,0.4345991561181435,0.5835694050991501,0.48402255639097747,0.8678639054136661,0.8504652942583789,270,13,134,103,0.045936395759717315,0.5654008438818565
xlm_roberta_v5_vi,0.77,0.7153846153846154,0.9009009009009009,0.4219409282700422,0.5747126436781609,0.4721435316336166,0.8678639054136661,0.8504652942583789,272,11,137,100,0.038869257950530034,0.5780590717299579
xlm_roberta_v5_vi,0.78,0.7057692307692308,0.8962264150943396,0.4008438818565401,0.5539358600583091,0.4506641366223909,0.8678639054136661,0.8504652942583789,272,11,142,95,0.038869257950530034,0.5991561181434599
xlm_roberta_v5_vi,0.79,0.7019230769230769,0.91,0.38396624472573837,0.5400593471810089,0.43416030534351147,0.8678639054136661,0.8504652942583789,274,9,146,91,0.03180212014134275,0.6160337552742616
xlm_roberta_v5_vi,0.8,0.698076923076923,0.925531914893617,0.3670886075949367,0.525679758308157,0.41746641074856045,0.8678639054136661,0.8504652942583789,276,7,150,87,0.024734982332155476,0.6329113924050633
xlm_roberta_v5_vi,0.81,0.6923076923076923,0.9325842696629213,0.350210970464135,0.50920245398773,0.40019286403085824,0.8678639054136661,0.8504652942583789,277,6,154,83,0.02120141342756184,0.6497890295358649
xlm_roberta_v5_vi,0.82,0.6865384615384615,0.9302325581395349,0.33755274261603374,0.4953560371517028,0.38684719535783363,0.8678639054136661,0.8504652942583789,277,6,157,80,0.02120141342756184,0.6624472573839663
xlm_roberta_v5_vi,0.83,0.676923076923077,0.9367088607594937,0.31223628691983124,0.46835443037974683,0.3602726387536514,0.8678639054136661,0.8504652942583789,278,5,163,74,0.0176678445229682,0.6877637130801688
xlm_roberta_v5_vi,0.84,0.6730769230769231,0.9466666666666667,0.29957805907172996,0.4551282051282051,0.34701857282502446,0.8678639054136661,0.8504652942583789,279,4,166,71,0.014134275618374558,0.70042194092827
xlm_roberta_v5_vi,0.85,0.6634615384615384,0.9558823529411765,0.2742616033755274,0.4262295081967213,0.3198818897637795,0.8678639054136661,0.8504652942583789,280,3,172,65,0.01060070671378092,0.7257383966244726
xlm_roberta_v5_vi,0.86,0.6480769230769231,0.95,0.24050632911392406,0.3838383838383838,0.28273809523809523,0.8678639054136661,0.8504652942583789,280,3,180,57,0.01060070671378092,0.759493670886076
xlm_roberta_v5_vi,0.87,0.6384615384615384,0.9803921568627451,0.2109704641350211,0.3472222222222222,0.2502502502502503,0.8678639054136661,0.8504652942583789,282,1,187,50,0.0035335689045936395,0.7890295358649789
xlm_roberta_v5_vi,0.88,0.6326923076923077,0.9791666666666666,0.19831223628691982,0.3298245614035088,0.2359437751004016,0.8678639054136661,0.8504652942583789,282,1,190,47,0.0035335689045936395,0.8016877637130801
xlm_roberta_v5_vi,0.89,0.6326923076923077,0.9791666666666666,0.19831223628691982,0.3298245614035088,0.2359437751004016,0.8678639054136661,0.8504652942583789,282,1,190,47,0.0035335689045936395,0.8016877637130801
xlm_roberta_v5_vi,0.9,0.6230769230769231,0.9767441860465116,0.17721518987341772,0.3,0.2119071644803229,0.8678639054136661,0.8504652942583789,282,1,195,42,0.0035335689045936395,0.8227848101265823
xlm_roberta_v5_vi,0.91,0.6153846153846154,1.0,0.15611814345991562,0.27007299270072993,0.18781725888324874,0.8678639054136661,0.8504652942583789,283,0,200,37,0.0,0.8438818565400844
xlm_roberta_v5_vi,0.92,0.6096153846153847,1.0,0.14345991561181434,0.25092250922509224,0.17311608961303462,0.8678639054136661,0.8504652942583789,283,0,203,34,0.0,0.8565400843881856
xlm_roberta_v5_vi,0.93,0.6019230769230769,1.0,0.12658227848101267,0.2247191011235955,0.15337423312883436,0.8678639054136661,0.8504652942583789,283,0,207,30,0.0,0.8734177215189873
xlm_roberta_v5_vi,0.94,0.5980769230769231,1.0,0.11814345991561181,0.21132075471698114,0.14344262295081966,0.8678639054136661,0.8504652942583789,283,0,209,28,0.0,0.8818565400843882
xlm_roberta_v5_vi,0.95,0.5923076923076923,1.0,0.10548523206751055,0.19083969465648856,0.12846865364850976,0.8678639054136661,0.8504652942583789,283,0,212,25,0.0,0.8945147679324894
